1001,PAT-1000,mary SMITH,mary,SMITH,4/8/1972,54,F,HEALTHSHIELD,13:35.3,13:35.3,1
1002,PAT-1001,MARY SMITH,MARY,SMITH,1/3/1957,69,F,Uninsured,13:35.3,13:35.3,1
1003,PAT-1002,john doe,john,doe,11/23/2000,26,F,MEDICARE,13:35.3,13:35.3,1
1004,PAT-1003,grace davis,grace,davis,1/25/2006,20,F,GLOBALCARE,13:35.3,13:35.3,1
1005,PAT-1004,EMMA BROWN,EMMA,BROWN,6/4/1968,58,F,HEALTHSHIELD,13:35.3,13:35.3,1
1006,PAT-1005,EMMA BROWN,EMMA,BROWN,5/26/1993,33,F,GLOBALCARE,13:35.3,13:35.3,1
1007,PAT-1006,MARY SMITH,MARY,SMITH,2/18/1979,47,U,Uninsured,13:35.3,13:35.3,1
1008,PAT-1007,EMMA BROWN,EMMA,BROWN,2/2/2000,26,F,LIFEGUARD,13:35.3,13:35.3,1
1009,PAT-1008,MARY SMITH,MARY,SMITH,2/13/2010,16,F,Uninsured,13:35.3,13:35.3,1
1010,PAT-1009,emma BROWN,emma,BROWN,4/22/1977,49,F,Uninsured,13:35.3,13:35.3,1
1011,PAT-1010,MARY SMITH,MARY,SMITH,9/24/1965,61,F,GLOBALCARE,13:35.3,13:35.3,1
1012,PAT-1011,james wilson,james,wilson,12/18/1995,31,F,LIFEGUARD,13:35.3,13:35.3,1
1013,PAT-1012,john doe,john,doe,6/13/1957,69,M,MEDICARE,13:35.3,13:35.3,1
1014,PAT-1013,EMMA BROWN,EMMA,BROWN,7/21/1986,40,F,LIFEGUARD,13:35.3,13:35.3,1
1015,PAT-1014,Alex Jones,Alex,Jones,9/9/1990,36,M,GLOBALCARE,13:35.3,13:35.3,1
1016,PAT-1015,james wilson,james,wilson,9/16/1963,63,U,HEALTHSHIELD,13:35.3,13:35.3,1
1017,PAT-1016,mary SMITH,mary,SMITH,11/14/1965,61,M,GLOBALCARE,13:35.3,13:35.3,1
1018,PAT-1017,james wilson,james,wilson,9/9/1984,42,U,HEALTHSHIELD,13:35.3,13:35.3,1
1019,PAT-1018,MARY SMITH,MARY,SMITH,5/25/1989,37,M,HEALTHSHIELD,13:35.3,13:35.3,1
1020,PAT-1019,david    lee,david,lee,1/24/1984,42,M,Uninsured,13:35.3,13:35.3,1
1021,PAT-1020,Alex Jones,Alex,Jones,11/10/1961,65,M,Uninsured,13:35.3,13:35.3,1
1022,PAT-1021,sarah connor,sarah,connor,3/18/2003,23,M,Uninsured,13:35.3,13:35.3,1
1023,PAT-1022,EMMA BROWN,EMMA,BROWN,6/27/1962,64,F,HEALTHSHIELD,13:35.3,13:35.3,1
1024,PAT-1023,Sarah connor,Sarah,connor,2/24/1960,66,U,HEALTHSHIELD,13:35.3,13:35.3,1
1025,PAT-1024,alex Jones,alex,Jones,9/6/1985,41,M,Uninsured,13:35.3,13:35.3,1
1026,PAT-1025,james wilson,james,wilson,12/23/1989,37,F,LIFEGUARD,13:35.3,13:35.3,1
1027,PAT-1026,james wilson,james,wilson,6/15/1996,30,F,HEALTHSHIELD,13:35.3,13:35.3,1
1028,PAT-1027,Sarah connor,Sarah,connor,1/19/1976,50,F,Uninsured,13:35.3,13:35.3,1
1029,PAT-1028,sarah connor,sarah,connor,11/2/2000,26,M,HEALTHSHIELD,13:35.3,13:35.3,1
1030,PAT-1029,emma BROWN,emma,BROWN,5/22/1970,56,F,Uninsured,13:35.3,13:35.3,1
1031,PAT-1030,Alex Jones,Alex,Jones,10/19/2011,15,F,GLOBALCARE,13:35.3,13:35.3,1
1032,PAT-1031,james wilson,james,wilson,11/14/1961,65,F,GLOBALCARE,13:35.3,13:35.3,1
1033,PAT-1032,grace davis,grace,davis,11/21/1958,68,M,HEALTHSHIELD,13:35.3,13:35.3,1
1034,PAT-1033,james wilson,james,wilson,2/8/2006,20,F,Uninsured,13:35.3,13:35.3,1
1035,PAT-1034,grace davis,grace,davis,5/15/1966,60,U,HEALTHSHIELD,13:35.3,13:35.3,1
1036,PAT-1035,grace davis,grace,davis,9/4/2009,17,F,Uninsured,13:35.3,13:35.3,1
1037,PAT-1036,john doe,john,doe,4/6/2003,23,F,GLOBALCARE,13:35.3,13:35.3,1
1038,PAT-1037,Sarah connor,Sarah,connor,1/6/2012,14,M,GLOBALCARE,13:35.3,13:35.3,1
1039,PAT-1038,david    lee,david,lee,8/10/2005,21,F,Uninsured,13:35.3,13:35.3,1
1040,PAT-1039,grace davis,grace,davis,4/2/1973,53,F,Uninsured,13:35.3,13:35.3,1
1041,PAT-1040,john doe,john,doe,1/19/1958,68,M,Uninsured,13:35.3,13:35.3,1
1042,PAT-1041,alex Jones,alex,Jones,2/28/1987,39,M,Uninsured,13:35.3,13:35.3,1
1043,PAT-1042,MARY SMITH,MARY,SMITH,7/4/1970,56,F,Uninsured,13:35.3,13:35.3,1
1044,PAT-1043,john doe,john,doe,11/19/1981,45,M,LIFEGUARD,13:35.3,13:35.3,1
1045,PAT-1044,david    lee,david,lee,6/8/2000,26,F,MEDICARE,13:35.3,13:35.3,1
1046,PAT-1045,david    lee,david,lee,2/1/2003,23,M,Uninsured,13:35.3,13:35.3,1
1047,PAT-1046,mary SMITH,mary,SMITH,9/9/1968,58,M,HEALTHSHIELD,13:35.3,13:35.3,1
1048,PAT-1047,Sarah connor,Sarah,connor,8/27/1965,61,F,LIFEGUARD,13:35.3,13:35.3,1
1049,PAT-1048,john doe,john,doe,5/22/1990,36,F,LIFEGUARD,13:35.3,13:35.3,1
1050,PAT-1049,MARY SMITH,MARY,SMITH,9/5/2002,24,M,Uninsured,13:35.3,13:35.3,1
1051,PAT-1050,Sarah connor,Sarah,connor,11/21/1968,58,M,GLOBALCARE,13:35.3,13:35.3,1
1052,PAT-1051,david    lee,david,lee,1/3/2009,17,F,LIFEGUARD,13:35.3,13:35.3,1
1053,PAT-1052,john doe,john,doe,3/21/2004,22,F,Uninsured,13:35.3,13:35.3,1
1054,PAT-1053,grace davis,grace,davis,9/1/1982,44,M,Uninsured,13:35.3,13:35.3,1
1055,PAT-1054,Alex Jones,Alex,Jones,6/19/2008,18,F,GLOBALCARE,13:35.3,13:35.3,1
1056,PAT-1055,alex Jones,alex,Jones,1/12/1978,48,F,MEDICARE,13:35.3,13:35.3,1
1057,PAT-1056,MARY SMITH,MARY,SMITH,7/20/1990,36,F,MEDICARE,13:35.3,13:35.3,1
1058,PAT-1057,Alex Jones,Alex,Jones,3/14/2006,20,F,Uninsured,13:35.3,13:35.3,1
1059,PAT-1058,EMMA BROWN,EMMA,BROWN,11/28/1981,45,U,MEDICARE,13:35.3,13:35.3,1
1060,PAT-1059,david lee,david,lee,2/13/1999,27,U,GLOBALCARE,13:35.3,13:35.3,1
1061,PAT-1060,sarah connor,sarah,connor,6/10/1984,42,F,HEALTHSHIELD,13:35.3,13:35.3,1
1062,PAT-1061,Sarah connor,Sarah,connor,2/25/1972,54,M,Uninsured,13:35.3,13:35.3,1
1063,PAT-1062,james wilson,james,wilson,9/11/2008,18,M,LIFEGUARD,13:35.3,13:35.3,1
1064,PAT-1063,Alex Jones,Alex,Jones,1/4/1971,55,F,LIFEGUARD,13:35.3,13:35.3,1
1065,PAT-1064,EMMA BROWN,EMMA,BROWN,2/13/1987,39,F,LIFEGUARD,13:35.3,13:35.3,1
1066,PAT-1065,john doe,john,doe,9/26/1955,71,F,Uninsured,13:35.3,13:35.3,1
1067,PAT-1066,Sarah connor,Sarah,connor,11/11/1959,67,M,Uninsured,13:35.3,13:35.3,1
1068,PAT-1067,MARY SMITH,MARY,SMITH,9/10/1974,52,F,LIFEGUARD,13:35.3,13:35.3,1
1069,PAT-1068,james wilson,james,wilson,3/7/1990,36,F,GLOBALCARE,13:35.3,13:35.3,1
1070,PAT-1069,Alex Jones,Alex,Jones,7/18/1974,52,M,LIFEGUARD,13:35.3,13:35.3,1
1071,PAT-1070,Sarah connor,Sarah,connor,10/21/1992,34,F,GLOBALCARE,13:35.3,13:35.3,1
1072,PAT-1071,grace davis,grace,davis,8/26/1987,39,F,Uninsured,13:35.3,13:35.3,1
1073,PAT-1072,MARY SMITH,MARY,SMITH,11/20/1997,29,M,MEDICARE,13:35.3,13:35.3,1
1074,PAT-1073,david    lee,david,lee,3/1/1967,59,F,GLOBALCARE,13:35.3,13:35.3,1
1075,PAT-1074,MARY SMITH,MARY,SMITH,11/19/2011,15,F,Uninsured,13:35.3,13:35.3,1
1076,PAT-1075,james wilson,james,wilson,3/21/1970,56,M,HEALTHSHIELD,13:35.3,13:35.3,1
1077,PAT-1076,james wilson,james,wilson,12/17/2006,20,M,Uninsured,13:35.3,13:35.3,1
1078,PAT-1077,Sarah connor,Sarah,connor,8/5/1962,64,F,Uninsured,13:35.3,13:35.3,1
1079,PAT-1078,EMMA BROWN,EMMA,BROWN,8/20/2012,14,M,GLOBALCARE,13:35.3,13:35.3,1
1080,PAT-1079,grace davis,grace,davis,8/15/2002,24,U,MEDICARE,13:35.3,13:35.3,1
1081,PAT-1080,david    lee,david,lee,8/21/1988,38,M,GLOBALCARE,13:35.3,13:35.3,1
1082,PAT-1081,MARY SMITH,MARY,SMITH,5/11/1970,56,M,HEALTHSHIELD,13:35.3,13:35.3,1
1083,PAT-1082,alex Jones,alex,Jones,12/5/1979,47,F,HEALTHSHIELD,13:35.3,13:35.3,1
1084,PAT-1083,james wilson,james,wilson,8/14/1989,37,F,GLOBALCARE,13:35.3,13:35.3,1
1085,PAT-1084,james wilson,james,wilson,12/1/1992,34,F,GLOBALCARE,13:35.3,13:35.3,1
1086,PAT-1085,john doe,john,doe,7/28/1974,52,M,Uninsured,13:35.3,13:35.3,1
1087,PAT-1086,Sarah connor,Sarah,connor,7/16/1972,54,F,LIFEGUARD,13:35.3,13:35.3,1
1088,PAT-1087,james wilson,james,wilson,8/5/2008,18,M,HEALTHSHIELD,13:35.3,13:35.3,1
1089,PAT-1088,james wilson,james,wilson,1/3/1997,29,F,MEDICARE,13:35.3,13:35.3,1
1090,PAT-1089,grace davis,grace,davis,7/11/1971,55,F,LIFEGUARD,13:35.3,13:35.3,1
1091,PAT-1090,EMMA BROWN,EMMA,BROWN,5/25/1979,47,M,HEALTHSHIELD,13:35.3,13:35.3,1
1092,PAT-1091,grace davis,grace,davis,1/12/1989,37,F,HEALTHSHIELD,13:35.3,13:35.3,1
1093,PAT-1092,john doe,john,doe,4/27/1970,56,M,MEDICARE,13:35.3,13:35.3,1
1094,PAT-1093,sarah connor,sarah,connor,2/19/1997,29,F,Uninsured,13:35.3,13:35.3,1
1095,PAT-1094,david    lee,david,lee,10/20/1965,61,F,HEALTHSHIELD,13:35.3,13:35.3,1
1096,PAT-1095,Alex Jones,Alex,Jones,10/1/1961,65,M,Uninsured,13:35.3,13:35.3,1
1097,PAT-1096,james wilson,james,wilson,4/3/2000,26,F,Uninsured,13:35.3,13:35.3,1
1098,PAT-1097,sarah connor,sarah,connor,5/28/2004,22,M,HEALTHSHIELD,13:35.3,13:35.3,1
1099,PAT-1098,john doe,john,doe,11/12/1982,44,M,Uninsured,13:35.3,13:35.3,1
1100,PAT-1099,emma BROWN,emma,BROWN,8/4/1981,45,M,Uninsured,13:35.3,13:35.3,1
1101,PAT-1100,grace davis,grace,davis,3/24/1982,44,F,LIFEGUARD,13:35.3,13:35.3,1
1102,PAT-1101,grace davis,grace,davis,12/19/2007,19,M,MEDICARE,13:35.3,13:35.3,1
1103,PAT-1102,MARY SMITH,MARY,SMITH,4/25/1983,43,M,Uninsured,13:35.3,13:35.3,1
1104,PAT-1103,james wilson,james,wilson,6/6/1986,40,F,LIFEGUARD,13:35.3,13:35.3,1
1105,PAT-1104,david    lee,david,lee,10/23/2011,15,M,HEALTHSHIELD,13:35.3,13:35.3,1
1106,PAT-1105,sarah connor,sarah,connor,7/16/2001,25,U,MEDICARE,13:35.3,13:35.3,1
1107,PAT-1106,grace davis,grace,davis,8/26/1986,40,M,LIFEGUARD,13:35.3,13:35.3,1
1108,PAT-1107,Sarah connor,Sarah,connor,5/22/1970,56,M,GLOBALCARE,13:35.3,13:35.3,1
1109,PAT-1108,EMMA BROWN,EMMA,BROWN,9/11/2002,24,F,GLOBALCARE,13:35.3,13:35.3,1
1110,PAT-1109,david    lee,david,lee,2/24/1969,57,M,HEALTHSHIELD,13:35.3,13:35.3,1
1111,PAT-1110,alex Jones,alex,Jones,8/9/2002,24,M,Uninsured,13:35.3,13:35.3,1
1112,PAT-1111,david    lee,david,lee,4/10/2008,18,M,MEDICARE,13:35.3,13:35.3,1
1113,PAT-1112,david lee,david,lee,3/9/1989,37,M,Uninsured,13:35.3,13:35.3,1
1114,PAT-1113,david    lee,david,lee,11/28/1963,63,M,HEALTHSHIELD,13:35.3,13:35.3,1
1115,PAT-1114,david    lee,david,lee,6/6/1983,43,M,GLOBALCARE,13:35.3,13:35.3,1
1116,PAT-1115,MARY SMITH,MARY,SMITH,8/3/1980,46,F,Uninsured,13:35.3,13:35.3,1
1117,PAT-1116,john doe,john,doe,10/10/2006,20,F,HEALTHSHIELD,13:35.3,13:35.3,1
1118,PAT-1117,james wilson,james,wilson,10/8/2005,21,F,GLOBALCARE,13:35.3,13:35.3,1
1119,PAT-1118,grace davis,grace,davis,7/10/1992,34,M,HEALTHSHIELD,13:35.3,13:35.3,1
1120,PAT-1119,MARY SMITH,MARY,SMITH,11/7/1968,58,F,HEALTHSHIELD,13:35.3,13:35.3,1
1121,PAT-1120,Alex Jones,Alex,Jones,2/6/1990,36,F,GLOBALCARE,13:35.3,13:35.3,1
1122,PAT-1121,grace davis,grace,davis,5/23/1969,57,F,GLOBALCARE,13:35.3,13:35.3,1
1123,PAT-1122,MARY SMITH,MARY,SMITH,11/19/1971,55,U,MEDICARE,13:35.3,13:35.3,1
1124,PAT-1123,james wilson,james,wilson,11/5/1969,57,U,MEDICARE,13:35.3,13:35.3,1
1125,PAT-1124,mary SMITH,mary,SMITH,5/20/2005,21,U,Uninsured,13:35.3,13:35.3,1
1126,PAT-1125,david    lee,david,lee,12/10/1984,42,F,LIFEGUARD,13:35.3,13:35.3,1
1127,PAT-1126,grace davis,grace,davis,1/14/1993,33,M,Uninsured,13:35.3,13:35.3,1
1128,PAT-1127,david lee,david,lee,11/27/1969,57,M,HEALTHSHIELD,13:35.3,13:35.3,1
1129,PAT-1128,david    lee,david,lee,3/16/2003,23,F,GLOBALCARE,13:35.3,13:35.3,1
1130,PAT-1129,david lee,david,lee,7/21/1992,34,M,GLOBALCARE,13:35.3,13:35.3,1
1131,PAT-1130,EMMA BROWN,EMMA,BROWN,11/4/1975,51,M,GLOBALCARE,13:35.3,13:35.3,1
1132,PAT-1131,grace davis,grace,davis,9/2/1980,46,M,LIFEGUARD,13:35.3,13:35.3,1
1133,PAT-1132,david    lee,david,lee,7/28/2004,22,U,HEALTHSHIELD,13:35.3,13:35.3,1
1134,PAT-1133,grace davis,grace,davis,9/12/1967,59,U,GLOBALCARE,13:35.3,13:35.3,1
1135,PAT-1134,grace davis,grace,davis,5/18/1968,58,M,GLOBALCARE,13:35.3,13:35.3,1
1136,PAT-1135,grace davis,grace,davis,10/26/1995,31,F,MEDICARE,13:35.3,13:35.3,1
1137,PAT-1136,david    lee,david,lee,7/3/1990,36,U,HEALTHSHIELD,13:35.3,13:35.3,1
1138,PAT-1137,grace davis,grace,davis,3/16/1996,30,M,Uninsured,13:35.3,13:35.3,1
1139,PAT-1138,david    lee,david,lee,8/8/1985,41,M,MEDICARE,13:35.3,13:35.3,1
1140,PAT-1139,james wilson,james,wilson,9/24/1993,33,U,HEALTHSHIELD,13:35.3,13:35.3,1
1141,PAT-1140,david    lee,david,lee,7/11/2009,17,M,HEALTHSHIELD,13:35.3,13:35.3,1
1142,PAT-1141,david    lee,david,lee,10/19/2008,18,F,MEDICARE,13:35.3,13:35.3,1
1143,PAT-1142,grace davis,grace,davis,6/18/1977,49,F,GLOBALCARE,13:35.3,13:35.3,1
1144,PAT-1143,EMMA BROWN,EMMA,BROWN,4/19/1999,27,F,GLOBALCARE,13:35.3,13:35.3,1
1145,PAT-1144,john doe,john,doe,12/26/1985,41,F,Uninsured,13:35.3,13:35.3,1
1146,PAT-1145,Alex Jones,Alex,Jones,3/17/1957,69,M,HEALTHSHIELD,13:35.3,13:35.3,1
1147,PAT-1146,grace davis,grace,davis,1/24/1984,42,F,Uninsured,13:35.3,13:35.3,1
1148,PAT-1147,alex Jones,alex,Jones,5/11/2005,21,F,GLOBALCARE,13:35.3,13:35.3,1
1149,PAT-1148,MARY SMITH,MARY,SMITH,11/28/2009,17,F,LIFEGUARD,13:35.3,13:35.3,1
1150,PAT-1149,grace davis,grace,davis,10/3/1957,69,F,Uninsured,13:35.3,13:35.3,1
1151,PAT-1150,david    lee,david,lee,2/14/2002,24,U,Uninsured,13:35.3,13:35.3,1
1152,PAT-1151,MARY SMITH,MARY,SMITH,5/1/1999,27,M,HEALTHSHIELD,13:35.3,13:35.3,1
1153,PAT-1152,david    lee,david,lee,3/8/1982,44,F,Uninsured,13:35.3,13:35.3,1
1154,PAT-1153,alex Jones,alex,Jones,10/28/1960,66,M,Uninsured,13:35.3,13:35.3,1
1155,PAT-1154,Sarah connor,Sarah,connor,3/8/1992,34,F,LIFEGUARD,13:35.3,13:35.3,1
1156,PAT-1155,grace davis,grace,davis,8/10/1955,71,M,MEDICARE,13:35.3,13:35.3,1
1157,PAT-1156,MARY SMITH,MARY,SMITH,10/10/1977,49,F,Uninsured,13:35.3,13:35.3,1
1158,PAT-1157,david    lee,david,lee,4/13/1974,52,M,MEDICARE,13:35.3,13:35.3,1
1159,PAT-1158,james wilson,james,wilson,5/23/1991,35,M,Uninsured,13:35.3,13:35.3,1
1160,PAT-1159,james wilson,james,wilson,11/25/1991,35,M,Uninsured,13:35.3,13:35.3,1
1161,PAT-1160,grace davis,grace,davis,5/25/2012,14,M,LIFEGUARD,13:35.3,13:35.3,1
1162,PAT-1161,Sarah connor,Sarah,connor,5/22/1994,32,U,Uninsured,13:35.3,13:35.3,1
1163,PAT-1162,Alex Jones,Alex,Jones,11/21/2012,14,M,GLOBALCARE,13:35.3,13:35.3,1
1164,PAT-1163,john doe,john,doe,3/3/2001,25,M,Uninsured,13:35.3,13:35.3,1
1165,PAT-1164,james wilson,james,wilson,9/12/1963,63,M,LIFEGUARD,13:35.3,13:35.3,1
1166,PAT-1165,Alex Jones,Alex,Jones,8/26/2007,19,F,LIFEGUARD,13:35.3,13:35.3,1
1167,PAT-1166,MARY SMITH,MARY,SMITH,3/25/1959,67,U,Uninsured,13:35.3,13:35.3,1
1168,PAT-1167,james wilson,james,wilson,9/12/2006,20,U,GLOBALCARE,13:35.3,13:35.3,1
1169,PAT-1168,john doe,john,doe,8/12/1962,64,F,Uninsured,13:35.3,13:35.3,1
1170,PAT-1169,david    lee,david,lee,11/12/2007,19,F,MEDICARE,13:35.3,13:35.3,1
1171,PAT-1170,grace davis,grace,davis,9/11/2011,15,F,Uninsured,13:35.3,13:35.3,1
1172,PAT-1171,MARY SMITH,MARY,SMITH,12/10/1984,42,F,HEALTHSHIELD,13:35.3,13:35.3,1
1173,PAT-1172,alex Jones,alex,Jones,5/16/1957,69,M,MEDICARE,13:35.3,13:35.3,1
1174,PAT-1173,Alex Jones,Alex,Jones,11/24/1978,48,M,GLOBALCARE,13:35.3,13:35.3,1
1175,PAT-1174,Alex Jones,Alex,Jones,2/27/1996,30,M,GLOBALCARE,13:35.3,13:35.3,1
1176,PAT-1175,david lee,david,lee,4/15/1978,48,F,LIFEGUARD,13:35.3,13:35.3,1
1177,PAT-1176,MARY SMITH,MARY,SMITH,9/21/1978,48,M,GLOBALCARE,13:35.3,13:35.3,1
1178,PAT-1177,david lee,david,lee,8/3/1962,64,F,Uninsured,13:35.3,13:35.3,1
1179,PAT-1178,john doe,john,doe,4/5/1976,50,F,HEALTHSHIELD,13:35.3,13:35.3,1
1180,PAT-1179,Sarah connor,Sarah,connor,4/11/2007,19,U,Uninsured,13:35.3,13:35.3,1
1181,PAT-1180,john doe,john,doe,3/18/1964,62,U,MEDICARE,13:35.3,13:35.3,1
1182,PAT-1181,MARY SMITH,MARY,SMITH,3/1/1956,70,U,MEDICARE,13:35.3,13:35.3,1
1183,PAT-1182,emma BROWN,emma,BROWN,1/5/1971,55,F,Uninsured,13:35.3,13:35.3,1
1184,PAT-1183,MARY SMITH,MARY,SMITH,8/25/1985,41,M,Uninsured,13:35.3,13:35.3,1
1185,PAT-1184,MARY SMITH,MARY,SMITH,10/2/1969,57,U,Uninsured,13:35.3,13:35.3,1
1186,PAT-1185,david    lee,david,lee,1/16/1956,70,F,Uninsured,13:35.3,13:35.3,1
1187,PAT-1186,MARY SMITH,MARY,SMITH,2/3/1983,43,M,MEDICARE,13:35.3,13:35.3,1
1188,PAT-1187,mary SMITH,mary,SMITH,11/19/1994,32,F,LIFEGUARD,13:35.3,13:35.3,1
1189,PAT-1188,james wilson,james,wilson,5/15/1988,38,M,GLOBALCARE,13:35.3,13:35.3,1
1190,PAT-1189,MARY SMITH,MARY,SMITH,11/21/1962,64,F,MEDICARE,13:35.3,13:35.3,1
1191,PAT-1190,james wilson,james,wilson,7/11/1969,57,F,GLOBALCARE,13:35.3,13:35.3,1
1192,PAT-1191,MARY SMITH,MARY,SMITH,11/9/1975,51,F,Uninsured,13:35.3,13:35.3,1
1193,PAT-1192,grace davis,grace,davis,2/3/2008,18,M,Uninsured,13:35.3,13:35.3,1
1194,PAT-1193,EMMA BROWN,EMMA,BROWN,1/19/1990,36,M,LIFEGUARD,13:35.3,13:35.3,1
1195,PAT-1194,MARY SMITH,MARY,SMITH,11/25/2010,16,U,Uninsured,13:35.3,13:35.3,1
1196,PAT-1195,john doe,john,doe,5/12/1993,33,M,Uninsured,13:35.3,13:35.3,1
1197,PAT-1196,sarah connor,sarah,connor,4/28/1985,41,M,Uninsured,13:35.3,13:35.3,1
1198,PAT-1197,emma BROWN,emma,BROWN,10/8/1972,54,U,Uninsured,13:35.3,13:35.3,1
1199,PAT-1198,john doe,john,doe,12/9/1997,29,F,LIFEGUARD,13:35.3,13:35.3,1
1200,PAT-1199,david    lee,david,lee,1/6/1977,49,M,Uninsured,13:35.3,13:35.3,1
1201,PAT-1200,james wilson,james,wilson,11/1/2002,24,F,Uninsured,13:35.3,13:35.3,1
1202,PAT-1201,Sarah connor,Sarah,connor,6/6/1984,42,M,Uninsured,13:35.3,13:35.3,1
1203,PAT-1202,EMMA BROWN,EMMA,BROWN,10/3/1991,35,F,MEDICARE,13:35.3,13:35.3,1
1204,PAT-1203,john doe,john,doe,8/22/1972,54,F,Uninsured,13:35.3,13:35.3,1
1205,PAT-1204,grace davis,grace,davis,9/4/1968,58,F,HEALTHSHIELD,13:35.3,13:35.3,1
1206,PAT-1205,david    lee,david,lee,8/17/1992,34,M,HEALTHSHIELD,13:35.3,13:35.3,1
1207,PAT-1206,Sarah connor,Sarah,connor,1/1/1993,33,M,MEDICARE,13:35.3,13:35.3,1
1208,PAT-1207,Alex Jones,Alex,Jones,6/4/1973,53,F,Uninsured,13:35.3,13:35.3,1
1209,PAT-1208,james wilson,james,wilson,9/23/1979,47,M,Uninsured,13:35.3,13:35.3,1
1210,PAT-1209,emma BROWN,emma,BROWN,12/2/2010,16,M,GLOBALCARE,13:35.3,13:35.3,1
1211,PAT-1210,MARY SMITH,MARY,SMITH,7/19/1991,35,F,Uninsured,13:35.3,13:35.3,1
1212,PAT-1211,james wilson,james,wilson,1/11/1980,46,U,Uninsured,13:35.3,13:35.3,1
1213,PAT-1212,grace davis,grace,davis,2/14/1978,48,F,GLOBALCARE,13:35.3,13:35.3,1
1214,PAT-1213,james wilson,james,wilson,5/24/1980,46,F,LIFEGUARD,13:35.3,13:35.3,1
1215,PAT-1214,alex Jones,alex,Jones,2/17/1995,31,F,LIFEGUARD,13:35.3,13:35.3,1
1216,PAT-1215,EMMA BROWN,EMMA,BROWN,11/27/2007,19,F,HEALTHSHIELD,13:35.3,13:35.3,1
1217,PAT-1216,Alex Jones,Alex,Jones,10/5/1966,60,M,MEDICARE,13:35.3,13:35.3,1
1218,PAT-1217,grace davis,grace,davis,10/15/1991,35,M,Uninsured,13:35.3,13:35.3,1
1219,PAT-1218,EMMA BROWN,EMMA,BROWN,6/5/1995,31,M,GLOBALCARE,13:35.3,13:35.3,1
1220,PAT-1219,grace davis,grace,davis,5/19/2005,21,M,Uninsured,13:35.3,13:35.3,1
1221,PAT-1220,MARY SMITH,MARY,SMITH,1/2/1983,43,U,LIFEGUARD,13:35.3,13:35.3,1
1222,PAT-1221,MARY SMITH,MARY,SMITH,2/20/2009,17,M,GLOBALCARE,13:35.3,13:35.3,1
1223,PAT-1222,grace davis,grace,davis,12/2/2005,21,U,Uninsured,13:35.3,13:35.3,1
1224,PAT-1223,Sarah connor,Sarah,connor,9/5/1985,41,F,HEALTHSHIELD,13:35.3,13:35.3,1
1225,PAT-1224,EMMA BROWN,EMMA,BROWN,9/21/1960,66,M,MEDICARE,13:35.3,13:35.3,1
1226,PAT-1225,grace davis,grace,davis,9/20/1988,38,M,LIFEGUARD,13:35.3,13:35.3,1
1227,PAT-1226,david    lee,david,lee,6/22/2004,22,M,Uninsured,13:35.3,13:35.3,1
1228,PAT-1227,emma BROWN,emma,BROWN,9/22/1961,65,M,LIFEGUARD,13:35.3,13:35.3,1
1229,PAT-1228,Alex Jones,Alex,Jones,11/5/1992,34,M,Uninsured,13:35.3,13:35.3,1
1230,PAT-1229,james wilson,james,wilson,2/10/2000,26,F,Uninsured,13:35.3,13:35.3,1
1231,PAT-1230,EMMA BROWN,EMMA,BROWN,12/27/1997,29,F,Uninsured,13:35.3,13:35.3,1
1232,PAT-1231,MARY SMITH,MARY,SMITH,9/12/1982,44,M,LIFEGUARD,13:35.3,13:35.3,1
1233,PAT-1232,Alex Jones,Alex,Jones,8/7/1976,50,F,MEDICARE,13:35.3,13:35.3,1
1234,PAT-1233,MARY SMITH,MARY,SMITH,2/17/2005,21,U,Uninsured,13:35.3,13:35.3,1
1235,PAT-1234,john doe,john,doe,10/5/2011,15,F,MEDICARE,13:35.3,13:35.3,1
1236,PAT-1235,alex Jones,alex,Jones,10/26/1999,27,F,GLOBALCARE,13:35.3,13:35.3,1
1237,PAT-1236,john doe,john,doe,12/8/1998,28,M,LIFEGUARD,13:35.3,13:35.3,1
1238,PAT-1237,grace davis,grace,davis,5/26/1970,56,U,MEDICARE,13:35.3,13:35.3,1
1239,PAT-1238,EMMA BROWN,EMMA,BROWN,8/15/1991,35,U,GLOBALCARE,13:35.3,13:35.3,1
1240,PAT-1239,james wilson,james,wilson,4/26/2007,19,F,LIFEGUARD,13:35.3,13:35.3,1
1241,PAT-1240,john doe,john,doe,6/18/2010,16,F,Uninsured,13:35.3,13:35.3,1
1242,PAT-1241,MARY SMITH,MARY,SMITH,3/9/2003,23,M,MEDICARE,13:35.3,13:35.3,1
1243,PAT-1242,james wilson,james,wilson,8/12/1969,57,F,HEALTHSHIELD,13:35.3,13:35.3,1
1244,PAT-1243,james wilson,james,wilson,7/3/1970,56,F,HEALTHSHIELD,13:35.3,13:35.3,1
1245,PAT-1244,EMMA BROWN,EMMA,BROWN,12/21/2008,18,U,MEDICARE,13:35.3,13:35.3,1
1246,PAT-1245,alex Jones,alex,Jones,8/23/2008,18,U,Uninsured,13:35.3,13:35.3,1
1247,PAT-1246,grace davis,grace,davis,2/1/1955,71,F,MEDICARE,13:35.3,13:35.3,1
1248,PAT-1247,james wilson,james,wilson,4/10/1973,53,M,MEDICARE,13:35.3,13:35.3,1
1249,PAT-1248,james wilson,james,wilson,8/3/1994,32,U,GLOBALCARE,13:35.3,13:35.3,1
1250,PAT-1249,john doe,john,doe,4/23/1991,35,M,GLOBALCARE,13:35.3,13:35.3,1
