389,INV-50000,1001,PAT-1000,4/19/2026,1371.8,Pending,161
390,INV-50001,1250,PAT-1249,9/18/2026,2728.83,Pending,9
391,INV-50002,1100,PAT-1099,5/24/2026,2505.98,Unpaid,126
392,INV-50003,1188,PAT-1187,2/25/2026,1011.71,Overdue,214
393,INV-50004,1209,PAT-1208,8/23/2026,4340.65,Paid,35
394,INV-50005,1184,PAT-1183,8/2/2026,1467.18,Paid,56
395,INV-50006,1081,PAT-1080,9/13/2026,1812.7,Unpaid,14
396,INV-50007,1074,PAT-1073,1/28/2026,1945.66,Pending,242
397,INV-50008,1228,PAT-1227,8/13/2026,6625.22,Pending,45
398,INV-50009,1095,PAT-1094,9/9/2026,4977.59,Pending,18
399,INV-50010,1211,PAT-1210,5/11/2026,655.38,Overdue,139
400,INV-50011,1115,PAT-1114,7/6/2026,2468.92,Overdue,83
401,INV-50012,1158,PAT-1157,5/21/2026,621.79,Overdue,129
402,INV-50013,1132,PAT-1131,3/1/2026,5789.82,Pending,210
403,INV-50014,1009,PAT-1008,4/25/2026,2539.76,Paid,155
404,INV-50015,1155,PAT-1154,8/12/2026,3086.13,Unpaid,46
405,INV-50016,1136,PAT-1135,6/21/2026,1787.97,Pending,98
406,INV-50017,1048,PAT-1047,7/18/2026,1869.23,Pending,71
407,INV-50018,1055,PAT-1054,5/23/2026,1457.74,Paid,127
408,INV-50019,1116,PAT-1115,8/3/2026,4581.84,Pending,55
409,INV-50020,1139,PAT-1138,5/28/2026,4875.56,Pending,122
410,INV-50021,1045,PAT-1044,9/8/2026,6701.43,Unpaid,19
411,INV-50022,1203,PAT-1202,6/18/2026,3242.89,Unpaid,101
412,INV-50023,1157,PAT-1156,2/10/2026,6798.04,Pending,229
413,INV-50024,1106,PAT-1105,2/5/2026,4411.48,Pending,234
414,INV-50025,1133,PAT-1132,9/21/2026,5249.47,Pending,6
415,INV-50026,1234,PAT-1233,2/17/2026,2152.13,Pending,222
416,INV-50027,1058,PAT-1057,9/10/2026,1794.61,Pending,17
417,INV-50028,1071,PAT-1070,5/20/2026,3477.81,Pending,130
418,INV-50029,1040,PAT-1039,6/27/2026,5633.28,Paid,92
419,INV-50030,1243,PAT-1242,5/21/2026,5243.98,Pending,129
420,INV-50031,1008,PAT-1007,9/10/2026,3346.69,Pending,17
421,INV-50032,1104,PAT-1103,2/23/2026,1176.52,Pending,216
422,INV-50033,1053,PAT-1052,3/11/2026,5025.14,Pending,200
423,INV-50034,1034,PAT-1033,9/18/2026,2252.27,Overdue,9
424,INV-50035,1116,PAT-1115,2/2/2026,6435.91,Pending,237
425,INV-50036,1064,PAT-1063,3/27/2026,6358.19,Unpaid,184
426,INV-50037,1196,PAT-1195,9/15/2026,5992.95,Paid,12
427,INV-50038,1242,PAT-1241,8/8/2026,4017.38,Overdue,50
428,INV-50039,1127,PAT-1126,8/10/2026,5779.82,Overdue,48
429,INV-50040,1187,PAT-1186,7/12/2026,2796.49,Unpaid,77
430,INV-50041,1093,PAT-1092,2/13/2026,5226.91,Pending,226
431,INV-50042,1175,PAT-1174,3/4/2026,2613.56,Pending,207
432,INV-50043,1241,PAT-1240,3/7/2026,3461.15,Unpaid,204
433,INV-50044,1183,PAT-1182,8/17/2026,1115.46,Unpaid,41
434,INV-50045,1084,PAT-1083,6/6/2026,6738.06,Overdue,113
435,INV-50046,1152,PAT-1151,9/18/2026,4855.06,Paid,9
436,INV-50047,1095,PAT-1094,2/14/2026,5443.02,Pending,225
437,INV-50049,1135,PAT-1134,7/5/2026,331.4,Paid,84
438,INV-50051,1236,PAT-1235,1/23/2026,3585.43,Pending,247
439,INV-50052,1123,PAT-1122,6/6/2026,6213.72,Overdue,113
440,INV-50053,1174,PAT-1173,5/20/2026,1404.87,Pending,130
441,INV-50054,1077,PAT-1076,5/25/2026,4829.41,Pending,125
442,INV-50055,1082,PAT-1081,9/26/2026,2043.01,Pending,1
443,INV-50056,1098,PAT-1097,7/27/2026,6497.53,Overdue,62
444,INV-50057,1011,PAT-1010,2/12/2026,4502.56,Unpaid,227
445,INV-50058,1052,PAT-1051,5/18/2026,1037.52,Pending,132
446,INV-50059,1062,PAT-1061,9/8/2026,471.15,Pending,19
447,INV-50060,1121,PAT-1120,3/1/2026,2838.74,Pending,210
448,INV-50061,1123,PAT-1122,5/11/2026,4435.26,Paid,139
449,INV-50062,1167,PAT-1166,9/24/2026,6221.1,Unpaid,3
450,INV-50063,1240,PAT-1239,7/26/2026,1365.11,Overdue,63
451,INV-50065,1127,PAT-1126,3/28/2026,1943.12,Overdue,183
452,INV-50066,1042,PAT-1041,5/23/2026,214.59,Overdue,127
453,INV-50067,1146,PAT-1145,4/6/2026,5645,Paid,174
454,INV-50068,1103,PAT-1102,3/5/2026,2282.24,Overdue,206
455,INV-50069,1099,PAT-1098,5/11/2026,4011.48,Overdue,139
456,INV-50070,1168,PAT-1167,4/2/2026,3229.45,Pending,178
457,INV-50071,1129,PAT-1128,5/23/2026,4387.25,Overdue,127
458,INV-50072,1158,PAT-1157,3/16/2026,3159.87,Overdue,195
459,INV-50073,1107,PAT-1106,8/25/2026,5209.91,Pending,33
460,INV-50074,1224,PAT-1223,9/15/2026,642.25,Paid,12
461,INV-50075,1213,PAT-1212,9/7/2026,1219.65,Pending,20
462,INV-50076,1030,PAT-1029,8/3/2026,5522.77,Pending,55
463,INV-50077,1107,PAT-1106,1/18/2026,4614.76,Paid,252
464,INV-50078,1102,PAT-1101,1/24/2026,3983.76,Overdue,246
465,INV-50079,1180,PAT-1179,1/3/2026,332.5,Unpaid,267
466,INV-50080,1197,PAT-1196,7/12/2026,3116.84,Pending,77
467,INV-50081,1097,PAT-1096,9/5/2026,913,Pending,22
468,INV-50082,1136,PAT-1135,4/27/2026,5171.97,Pending,153
469,INV-50083,1173,PAT-1172,7/18/2026,5620.75,Overdue,71
470,INV-50084,1040,PAT-1039,2/2/2026,4228.34,Paid,237
471,INV-50085,1062,PAT-1061,2/20/2026,3102.84,Paid,219
472,INV-50086,1063,PAT-1062,7/15/2026,3726.23,Paid,74
473,INV-50087,1036,PAT-1035,5/8/2026,3978.18,Overdue,142
474,INV-50088,1061,PAT-1060,3/22/2026,2883.19,Pending,189
475,INV-50089,1243,PAT-1242,3/21/2026,3833.72,Overdue,190
476,INV-50090,1242,PAT-1241,7/26/2026,4772.01,Overdue,63
477,INV-50091,1097,PAT-1096,9/16/2026,5794.31,Pending,11
478,INV-50092,1037,PAT-1036,1/18/2026,6585.55,Unpaid,252
479,INV-50093,1100,PAT-1099,4/11/2026,6281.2,Paid,169
480,INV-50094,1138,PAT-1137,4/2/2026,2640.08,Paid,178
481,INV-50095,1224,PAT-1223,9/7/2026,1515.93,Overdue,20
482,INV-50096,1245,PAT-1244,4/7/2026,5109.84,Unpaid,173
483,INV-50097,1179,PAT-1178,4/13/2026,3808.53,Pending,167
484,INV-50098,1120,PAT-1119,6/10/2026,2523.02,Pending,109
485,INV-50099,1026,PAT-1025,8/25/2026,6228.46,Pending,33
486,INV-50100,1012,PAT-1011,4/24/2026,228.85,Pending,156
487,INV-50101,1149,PAT-1148,5/5/2026,2324.08,Unpaid,145
488,INV-50102,1128,PAT-1127,6/9/2026,6577.02,Pending,110
489,INV-50103,1118,PAT-1117,6/6/2026,4932.37,Pending,113
490,INV-50104,1165,PAT-1164,9/2/2026,6434.59,Paid,25
491,INV-50105,1106,PAT-1105,4/3/2026,181.57,Overdue,177
492,INV-50106,1016,PAT-1015,8/22/2026,225.59,Pending,36
493,INV-50108,1111,PAT-1110,3/4/2026,3623.53,Pending,207
494,INV-50109,1135,PAT-1134,6/9/2026,648.37,Pending,110
495,INV-50110,1145,PAT-1144,4/10/2026,4487.62,Paid,170
496,INV-50111,1024,PAT-1023,7/18/2026,495.36,Unpaid,71
497,INV-50112,1022,PAT-1021,7/21/2026,3900.56,Paid,68
498,INV-50113,1230,PAT-1229,1/8/2026,6141.23,Pending,262
499,INV-50114,1122,PAT-1121,2/22/2026,6128.13,Paid,217
500,INV-50115,1046,PAT-1045,6/1/2026,4042.05,Pending,118
501,INV-50116,1211,PAT-1210,2/10/2026,3887.88,Pending,229
502,INV-50117,1174,PAT-1173,6/13/2026,5401.22,Paid,106
503,INV-50118,1129,PAT-1128,6/2/2026,3040.36,Overdue,117
504,INV-50119,1155,PAT-1154,7/25/2026,318.41,Pending,64
505,INV-50120,1126,PAT-1125,9/13/2026,1361.28,Pending,14
506,INV-50121,1022,PAT-1021,5/26/2026,4884.24,Unpaid,124
507,INV-50122,1098,PAT-1097,3/24/2026,2235.99,Paid,187
508,INV-50123,1242,PAT-1241,6/25/2026,803.43,Pending,94
509,INV-50124,1115,PAT-1114,9/14/2026,295.94,Paid,13
510,INV-50125,1153,PAT-1152,6/28/2026,202.94,Paid,91
511,INV-50126,1186,PAT-1185,4/19/2026,4698.58,Overdue,161
512,INV-50127,1078,PAT-1077,3/3/2026,3024.25,Pending,208
513,INV-50128,1201,PAT-1200,5/8/2026,4087.28,Paid,142
514,INV-50129,1035,PAT-1034,7/11/2026,5491.93,Overdue,78
515,INV-50130,1111,PAT-1110,3/10/2026,4150.1,Pending,201
516,INV-50131,1081,PAT-1080,7/11/2026,5029.64,Pending,78
517,INV-50132,1201,PAT-1200,7/9/2026,2558.9,Unpaid,80
518,INV-50133,1152,PAT-1151,3/22/2026,6486.81,Pending,189
519,INV-50134,1054,PAT-1053,5/27/2026,5591.39,Pending,123
520,INV-50135,1173,PAT-1172,5/8/2026,4520.53,Pending,142
521,INV-50136,1019,PAT-1018,8/19/2026,3690.21,Pending,39
522,INV-50137,1108,PAT-1107,6/23/2026,851.12,Pending,96
523,INV-50138,1091,PAT-1090,1/19/2026,6579.04,Pending,251
524,INV-50140,1151,PAT-1150,3/12/2026,3345.53,Paid,199
525,INV-50141,1030,PAT-1029,3/12/2026,2412.27,Pending,199
526,INV-50142,1124,PAT-1123,2/15/2026,2250.9,Pending,224
527,INV-50144,1045,PAT-1044,6/18/2026,6523.27,Pending,101
528,INV-50145,1162,PAT-1161,7/13/2026,5046.44,Pending,76
529,INV-50146,1152,PAT-1151,1/23/2026,1495.19,Paid,247
530,INV-50147,1148,PAT-1147,9/6/2026,2298.16,Overdue,21
531,INV-50148,1172,PAT-1171,9/21/2026,4108.41,Pending,6
532,INV-50149,1030,PAT-1029,8/20/2026,5556.48,Overdue,38
533,INV-50150,1236,PAT-1235,2/22/2026,2212.66,Paid,217
534,INV-50151,1047,PAT-1046,3/17/2026,2914.44,Pending,194
535,INV-50152,1109,PAT-1108,9/23/2026,3827.45,Unpaid,4
536,INV-50153,1048,PAT-1047,8/20/2026,5902.4,Pending,38
537,INV-50154,1035,PAT-1034,7/18/2026,2853.62,Pending,71
538,INV-50155,1216,PAT-1215,3/3/2026,5437.18,Paid,208
539,INV-50156,1071,PAT-1070,5/6/2026,3899.19,Pending,144
540,INV-50157,1141,PAT-1140,2/9/2026,3741.49,Pending,230
541,INV-50158,1113,PAT-1112,7/4/2026,2109.27,Pending,85
542,INV-50159,1068,PAT-1067,2/15/2026,5301.91,Pending,224
543,INV-50160,1151,PAT-1150,7/6/2026,5363.49,Paid,83
544,INV-50161,1146,PAT-1145,5/20/2026,2282.59,Overdue,130
545,INV-50162,1147,PAT-1146,9/22/2026,1026.27,Pending,5
546,INV-50163,1236,PAT-1235,5/28/2026,4806.2,Unpaid,122
547,INV-50164,1183,PAT-1182,4/25/2026,3390.21,Overdue,155
548,INV-50165,1161,PAT-1160,8/3/2026,2811.64,Pending,55
549,INV-50166,1240,PAT-1239,8/16/2026,4008.11,Pending,42
550,INV-50167,1024,PAT-1023,8/21/2026,5799.42,Pending,37
551,INV-50168,1056,PAT-1055,4/16/2026,2277.32,Pending,164
552,INV-50169,1148,PAT-1147,8/26/2026,6093.68,Paid,32
553,INV-50170,1026,PAT-1025,8/1/2026,6329.34,Pending,57
554,INV-50171,1001,PAT-1000,7/7/2026,6013.47,Overdue,82
555,INV-50172,1024,PAT-1023,5/3/2026,4559.59,Paid,147
556,INV-50173,1102,PAT-1101,4/14/2026,4821.38,Pending,166
557,INV-50174,1020,PAT-1019,4/17/2026,182.54,Paid,163
558,INV-50175,1221,PAT-1220,3/16/2026,1649.92,Paid,195
559,INV-50176,1027,PAT-1026,5/5/2026,5287.41,Unpaid,145
560,INV-50177,1165,PAT-1164,3/3/2026,4197.59,Overdue,208
561,INV-50178,1185,PAT-1184,3/14/2026,5865.26,Paid,197
562,INV-50179,1036,PAT-1035,7/12/2026,2221.46,Overdue,77
563,INV-50180,1166,PAT-1165,9/20/2026,5324.21,Pending,7
564,INV-50181,1225,PAT-1224,9/20/2026,5116.28,Paid,7
565,INV-50182,1201,PAT-1200,4/16/2026,873.66,Pending,164
566,INV-50183,1019,PAT-1018,1/12/2026,1002.18,Pending,258
567,INV-50184,1108,PAT-1107,3/25/2026,6496.48,Paid,186
568,INV-50185,1151,PAT-1150,5/7/2026,6283.56,Pending,143
569,INV-50186,1130,PAT-1129,9/25/2026,2950.09,Pending,2
570,INV-50187,1138,PAT-1137,3/9/2026,2190.76,Unpaid,202
571,INV-50188,1250,PAT-1249,9/11/2026,4038.05,Pending,16
572,INV-50189,1175,PAT-1174,5/23/2026,4996.8,Paid,127
573,INV-50190,1063,PAT-1062,7/4/2026,4210.8,Pending,85
574,INV-50191,1190,PAT-1189,3/4/2026,4849.45,Unpaid,207
575,INV-50192,1128,PAT-1127,9/17/2026,1235.85,Overdue,10
576,INV-50193,1188,PAT-1187,1/11/2026,1937.4,Pending,259
577,INV-50194,1250,PAT-1249,2/16/2026,3532.65,Pending,223
578,INV-50195,1043,PAT-1042,5/25/2026,6094.44,Paid,125
579,INV-50196,1059,PAT-1058,1/2/2026,1754.16,Pending,268
580,INV-50197,1236,PAT-1235,1/18/2026,1620.32,Pending,252
581,INV-50198,1082,PAT-1081,2/19/2026,918.13,Paid,220
582,INV-50199,1046,PAT-1045,9/2/2026,580.95,Overdue,25
583,INV-50200,1199,PAT-1198,6/3/2026,173.74,Pending,116
584,INV-50201,1201,PAT-1200,4/15/2026,4073.14,Unpaid,165
585,INV-50202,1188,PAT-1187,4/5/2026,6349.15,Pending,175
586,INV-50203,1089,PAT-1088,1/11/2026,5190.34,Pending,259
587,INV-50204,1187,PAT-1186,4/17/2026,2924.97,Unpaid,163
588,INV-50205,1183,PAT-1182,1/8/2026,4802.33,Pending,262
589,INV-50206,1022,PAT-1021,9/5/2026,620.39,Pending,22
590,INV-50207,1170,PAT-1169,4/10/2026,5804.82,Pending,170
591,INV-50208,1180,PAT-1179,6/11/2026,1937.23,Unpaid,108
592,INV-50209,1035,PAT-1034,2/5/2026,1218.57,Pending,234
593,INV-50210,1031,PAT-1030,4/15/2026,3215.77,Paid,165
594,INV-50211,1041,PAT-1040,5/27/2026,1556.89,Unpaid,123
595,INV-50212,1024,PAT-1023,6/13/2026,4644.25,Unpaid,106
596,INV-50213,1008,PAT-1007,8/18/2026,753.29,Unpaid,40
597,INV-50215,1241,PAT-1240,5/27/2026,266.13,Pending,123
598,INV-50216,1114,PAT-1113,2/28/2026,939.02,Paid,211
599,INV-50217,1044,PAT-1043,7/27/2026,3434.75,Pending,62
600,INV-50218,1045,PAT-1044,3/9/2026,3099.97,Pending,202
601,INV-50219,1159,PAT-1158,5/16/2026,6017.68,Paid,134
602,INV-50220,1072,PAT-1071,7/7/2026,4334.1,Paid,82
603,INV-50221,1098,PAT-1097,6/16/2026,2418.73,Overdue,103
604,INV-50222,1100,PAT-1099,1/11/2026,316.25,Overdue,259
605,INV-50223,1015,PAT-1014,8/17/2026,5243.2,Unpaid,41
606,INV-50224,1026,PAT-1025,4/9/2026,5224.54,Pending,171
607,INV-50225,1217,PAT-1216,7/12/2026,1296.89,Pending,77
608,INV-50226,1179,PAT-1178,1/23/2026,6450.43,Pending,247
609,INV-50227,1243,PAT-1242,8/18/2026,1293.26,Paid,40
610,INV-50228,1060,PAT-1059,1/17/2026,125.07,Unpaid,253
611,INV-50229,1207,PAT-1206,3/26/2026,518.35,Pending,185
612,INV-50230,1235,PAT-1234,2/28/2026,6537.27,Pending,211
613,INV-50231,1102,PAT-1101,6/10/2026,1032.03,Pending,109
614,INV-50232,1203,PAT-1202,8/21/2026,1284.22,Pending,37
615,INV-50233,1228,PAT-1227,6/8/2026,2648.2,Overdue,111
616,INV-50234,1033,PAT-1032,1/23/2026,5803.77,Pending,247
617,INV-50235,1009,PAT-1008,6/26/2026,4393.5,Pending,93
618,INV-50236,1037,PAT-1036,2/8/2026,6683.04,Paid,231
619,INV-50237,1211,PAT-1210,6/15/2026,1892.19,Paid,104
620,INV-50238,1090,PAT-1089,2/24/2026,442.14,Pending,215
621,INV-50239,1249,PAT-1248,7/16/2026,2466.81,Pending,73
622,INV-50240,1202,PAT-1201,4/6/2026,612.9,Overdue,174
623,INV-50241,1006,PAT-1005,2/3/2026,1256.85,Pending,236
624,INV-50242,1020,PAT-1019,2/11/2026,4826.77,Pending,228
625,INV-50243,1043,PAT-1042,7/6/2026,796.93,Unpaid,83
626,INV-50244,1105,PAT-1104,9/9/2026,2107.21,Pending,18
627,INV-50245,1147,PAT-1146,8/5/2026,2530.93,Overdue,53
628,INV-50246,1211,PAT-1210,8/7/2026,292.42,Overdue,51
629,INV-50247,1021,PAT-1020,2/10/2026,3266.53,Overdue,229
630,INV-50248,1024,PAT-1023,7/6/2026,6035.81,Pending,83
631,INV-50249,1012,PAT-1011,8/9/2026,5712.4,Unpaid,49
632,INV-50250,1193,PAT-1192,2/3/2026,5519.35,Pending,236
633,INV-50251,1059,PAT-1058,7/27/2026,6571.13,Pending,62
634,INV-50252,1147,PAT-1146,8/10/2026,2757.89,Paid,48
635,INV-50253,1129,PAT-1128,9/26/2026,924.01,Unpaid,1
636,INV-50254,1243,PAT-1242,4/26/2026,963.45,Pending,154
637,INV-50255,1112,PAT-1111,3/27/2026,2256.51,Paid,184
638,INV-50256,1023,PAT-1022,7/18/2026,5842.96,Paid,71
639,INV-50257,1202,PAT-1201,9/26/2026,872.15,Pending,1
640,INV-50258,1151,PAT-1150,2/4/2026,5369.48,Overdue,235
641,INV-50259,1225,PAT-1224,7/21/2026,3941.76,Unpaid,68
642,INV-50260,1071,PAT-1070,7/2/2026,6063.08,Unpaid,87
643,INV-50261,1013,PAT-1012,5/12/2026,2377.53,Overdue,138
644,INV-50262,1072,PAT-1071,2/28/2026,1018.23,Pending,211
645,INV-50263,1199,PAT-1198,5/24/2026,4161.91,Pending,126
646,INV-50264,1055,PAT-1054,7/24/2026,5194.11,Paid,65
647,INV-50265,1132,PAT-1131,2/10/2026,1026.67,Pending,229
648,INV-50266,1008,PAT-1007,4/27/2026,1787.16,Overdue,153
649,INV-50267,1181,PAT-1180,6/27/2026,3494.87,Paid,92
650,INV-50269,1142,PAT-1141,3/27/2026,5123.75,Overdue,184
651,INV-50270,1008,PAT-1007,3/28/2026,5846.22,Pending,183
652,INV-50271,1053,PAT-1052,7/17/2026,5896.44,Pending,72
653,INV-50272,1003,PAT-1002,3/21/2026,4136.28,Overdue,190
654,INV-50273,1156,PAT-1155,5/23/2026,2951.64,Overdue,127
655,INV-50274,1118,PAT-1117,8/10/2026,4025.02,Pending,48
656,INV-50275,1248,PAT-1247,6/18/2026,2114.39,Paid,101
657,INV-50276,1087,PAT-1086,6/28/2026,1865.03,Pending,91
658,INV-50277,1077,PAT-1076,9/25/2026,6130.63,Pending,2
659,INV-50278,1104,PAT-1103,3/24/2026,4498.74,Overdue,187
660,INV-50279,1233,PAT-1232,7/24/2026,4015.24,Unpaid,65
661,INV-50280,1088,PAT-1087,4/22/2026,6176.32,Pending,158
662,INV-50281,1077,PAT-1076,9/6/2026,772.51,Overdue,21
663,INV-50282,1186,PAT-1185,3/22/2026,4492.29,Unpaid,189
664,INV-50283,1191,PAT-1190,7/26/2026,2603.43,Pending,63
665,INV-50284,1218,PAT-1217,1/28/2026,3275.05,Paid,242
666,INV-50285,1223,PAT-1222,9/10/2026,481.65,Unpaid,17
667,INV-50286,1052,PAT-1051,8/5/2026,5881.51,Paid,53
668,INV-50287,1125,PAT-1124,3/11/2026,151.99,Unpaid,200
669,INV-50288,1148,PAT-1147,8/26/2026,984.96,Pending,32
670,INV-50289,1104,PAT-1103,8/13/2026,372.51,Overdue,45
671,INV-50291,1058,PAT-1057,6/10/2026,806.62,Overdue,109
672,INV-50292,1043,PAT-1042,1/10/2026,3166.2,Pending,260
673,INV-50293,1087,PAT-1086,3/11/2026,2520.39,Pending,200
674,INV-50294,1005,PAT-1004,3/7/2026,4059.8,Overdue,204
675,INV-50295,1183,PAT-1182,1/13/2026,5272.64,Pending,257
676,INV-50296,1013,PAT-1012,1/2/2026,2904.67,Pending,268
677,INV-50297,1065,PAT-1064,3/7/2026,2132.03,Pending,204
678,INV-50298,1134,PAT-1133,3/14/2026,3538.01,Overdue,197
679,INV-50299,1030,PAT-1029,8/7/2026,5317.46,Unpaid,51
680,INV-50300,1092,PAT-1091,5/6/2026,3782.2,Pending,144
681,INV-50301,1239,PAT-1238,4/1/2026,4607.18,Pending,179
682,INV-50302,1172,PAT-1171,2/25/2026,4954.09,Overdue,214
683,INV-50303,1165,PAT-1164,5/9/2026,455.05,Paid,141
684,INV-50304,1219,PAT-1218,6/14/2026,755.11,Paid,105
685,INV-50305,1003,PAT-1002,3/11/2026,6096.17,Overdue,200
686,INV-50306,1225,PAT-1224,6/27/2026,1342.11,Pending,92
687,INV-50307,1070,PAT-1069,8/26/2026,4454.96,Paid,32
688,INV-50308,1034,PAT-1033,1/28/2026,813.33,Pending,242
689,INV-50309,1206,PAT-1205,8/6/2026,5325.51,Pending,52
690,INV-50310,1226,PAT-1225,3/16/2026,874.95,Paid,195
691,INV-50311,1017,PAT-1016,6/1/2026,6653.09,Overdue,118
692,INV-50312,1133,PAT-1132,2/14/2026,3339.91,Pending,225
693,INV-50313,1099,PAT-1098,9/20/2026,198.29,Pending,7
694,INV-50314,1218,PAT-1217,8/28/2026,620.62,Unpaid,30
695,INV-50315,1085,PAT-1084,1/17/2026,3797.95,Unpaid,253
696,INV-50316,1021,PAT-1020,8/3/2026,3107.03,Pending,55
697,INV-50317,1191,PAT-1190,2/13/2026,359.87,Paid,226
698,INV-50318,1203,PAT-1202,5/17/2026,4493.36,Overdue,133
699,INV-50319,1094,PAT-1093,4/28/2026,2338.16,Pending,152
700,INV-50320,1122,PAT-1121,6/23/2026,882.2,Unpaid,96
701,INV-50321,1001,PAT-1000,5/18/2026,4810.68,Unpaid,132
702,INV-50322,1127,PAT-1126,7/4/2026,4201.14,Pending,85
703,INV-50323,1056,PAT-1055,4/23/2026,840.4,Pending,157
704,INV-50324,1215,PAT-1214,2/25/2026,3175.97,Pending,214
705,INV-50325,1035,PAT-1034,1/17/2026,3816.19,Pending,253
706,INV-50326,1124,PAT-1123,3/23/2026,5000.39,Pending,188
707,INV-50327,1169,PAT-1168,6/17/2026,2917.29,Pending,102
708,INV-50328,1196,PAT-1195,7/11/2026,3145.62,Pending,78
709,INV-50329,1155,PAT-1154,9/10/2026,4876,Pending,17
710,INV-50330,1056,PAT-1055,5/22/2026,6274.29,Pending,128
711,INV-50331,1167,PAT-1166,3/17/2026,4865.83,Pending,194
712,INV-50332,1123,PAT-1122,7/22/2026,5982.27,Paid,67
713,INV-50333,1134,PAT-1133,7/5/2026,4597.97,Unpaid,84
714,INV-50334,1074,PAT-1073,3/27/2026,4733.85,Pending,184
715,INV-50335,1009,PAT-1008,8/4/2026,5080,Unpaid,54
716,INV-50336,1131,PAT-1130,5/23/2026,6309.65,Pending,127
717,INV-50337,1081,PAT-1080,1/1/2026,1477.17,Pending,269
718,INV-50338,1213,PAT-1212,6/25/2026,5305.35,Overdue,94
719,INV-50339,1115,PAT-1114,2/6/2026,5031.01,Paid,233
720,INV-50340,1110,PAT-1109,5/5/2026,4021.67,Overdue,145
721,INV-50341,1120,PAT-1119,3/2/2026,6323.97,Pending,209
722,INV-50342,1158,PAT-1157,5/16/2026,607.36,Pending,134
723,INV-50343,1057,PAT-1056,9/3/2026,2899.02,Paid,24
724,INV-50344,1090,PAT-1089,4/22/2026,2332.11,Pending,158
725,INV-50345,1136,PAT-1135,9/27/2026,886.87,Unpaid,0
726,INV-50346,1232,PAT-1231,4/2/2026,2668.16,Paid,178
727,INV-50347,1099,PAT-1098,5/1/2026,3556.21,Pending,149
728,INV-50348,1012,PAT-1011,4/11/2026,6454.79,Pending,169
729,INV-50350,1053,PAT-1052,7/21/2026,5109.92,Pending,68
730,INV-50351,1184,PAT-1183,2/3/2026,1309.53,Paid,236
731,INV-50352,1148,PAT-1147,5/14/2026,3134.13,Overdue,136
732,INV-50353,1005,PAT-1004,2/18/2026,4405.36,Pending,221
733,INV-50354,1150,PAT-1149,2/12/2026,2056.68,Pending,227
734,INV-50355,1023,PAT-1022,8/13/2026,5612.48,Unpaid,45
735,INV-50356,1137,PAT-1136,7/26/2026,6534.44,Pending,63
736,INV-50357,1228,PAT-1227,6/1/2026,943.74,Pending,118
737,INV-50358,1101,PAT-1100,2/10/2026,5119.31,Overdue,229
738,INV-50359,1055,PAT-1054,9/5/2026,1349.62,Overdue,22
739,INV-50360,1050,PAT-1049,1/28/2026,4427.09,Pending,242
740,INV-50361,1018,PAT-1017,4/24/2026,6477.02,Pending,156
741,INV-50362,1168,PAT-1167,5/20/2026,6133.52,Pending,130
742,INV-50363,1085,PAT-1084,5/23/2026,3898.53,Overdue,127
743,INV-50364,1246,PAT-1245,1/11/2026,5368.91,Pending,259
744,INV-50365,1112,PAT-1111,6/5/2026,5985,Overdue,114
745,INV-50366,1199,PAT-1198,9/4/2026,4432.95,Overdue,23
746,INV-50367,1220,PAT-1219,9/7/2026,5020.76,Pending,20
747,INV-50368,1020,PAT-1019,9/21/2026,5549.15,Pending,6
748,INV-50369,1055,PAT-1054,9/9/2026,4488.77,Pending,18
749,INV-50370,1058,PAT-1057,5/5/2026,3468.13,Overdue,145
750,INV-50372,1169,PAT-1168,3/24/2026,6394.43,Pending,187
751,INV-50373,1060,PAT-1059,6/8/2026,4586.82,Overdue,111
752,INV-50374,1100,PAT-1099,8/2/2026,6671.08,Pending,56
753,INV-50375,1248,PAT-1247,5/27/2026,3985.9,Pending,123
754,INV-50376,1168,PAT-1167,2/17/2026,2634.47,Pending,222
755,INV-50377,1104,PAT-1103,6/16/2026,6047.03,Unpaid,103
756,INV-50378,1113,PAT-1112,2/17/2026,1533.49,Overdue,222
757,INV-50379,1155,PAT-1154,2/22/2026,2890.22,Paid,217
758,INV-50380,1124,PAT-1123,8/7/2026,4444.35,Unpaid,51
759,INV-50381,1012,PAT-1011,3/5/2026,6071.25,Unpaid,206
760,INV-50382,1067,PAT-1066,9/13/2026,5989.16,Overdue,14
761,INV-50383,1243,PAT-1242,8/20/2026,5914.3,Pending,38
762,INV-50384,1154,PAT-1153,3/20/2026,1240.92,Pending,191
763,INV-50385,1153,PAT-1152,4/13/2026,1003.72,Pending,167
764,INV-50386,1221,PAT-1220,7/27/2026,4165.47,Pending,62
765,INV-50388,1139,PAT-1138,7/17/2026,2594.71,Pending,72
766,INV-50389,1110,PAT-1109,8/26/2026,2462.05,Pending,32
767,INV-50390,1148,PAT-1147,3/9/2026,5236.63,Paid,202
768,INV-50391,1073,PAT-1072,9/14/2026,1383.21,Paid,13
769,INV-50392,1148,PAT-1147,9/1/2026,4493.03,Overdue,26
770,INV-50393,1105,PAT-1104,3/14/2026,1866.07,Pending,197
771,INV-50394,1094,PAT-1093,7/25/2026,2880.97,Pending,64
772,INV-50395,1046,PAT-1045,9/16/2026,6723.98,Pending,11
773,INV-50396,1102,PAT-1101,2/24/2026,3103.87,Unpaid,215
774,INV-50397,1026,PAT-1025,7/26/2026,5470.4,Pending,63
775,INV-50398,1181,PAT-1180,7/21/2026,5493.89,Pending,68
776,INV-50399,1238,PAT-1237,2/3/2026,1601.98,Paid,236
