1,TEL-80000,1186,PAT-1185,41:33.0,Jul 13 2026  8:18PM,1 Hours,130,95,N
2,TEL-80002,1158,PAT-1157,23:15.0,Mar 22 2026  2:51AM,1 Hours,120,90,N
3,TEL-80003,1091,PAT-1090,12:33.0,Unknown/Pending,Pending Assessme,150,80,Y
4,TEL-80006,1088,PAT-1087,16:56.0,Feb 26 2026  9:18PM,5 Hours,140,95,N
5,TEL-80007,1248,PAT-1247,49:15.0,Jul 19 2026  7:51PM,4 Hours,150,75,Y
6,TEL-80008,1124,PAT-1123,24:40.0,Feb  9 2026  4:24AM,2 Hours,150,95,N
7,TEL-80009,1205,PAT-1204,33:34.0,Unknown/Pending,Pending Assessme,140,85,N
8,TEL-80010,1024,PAT-1023,52:21.0,Unknown/Pending,Pending Assessme,130,75,N
9,TEL-80011,1091,PAT-1090,11:47.0,Apr 19 2026  9:56AM,1 Hours,110,95,N
10,TEL-80014,1096,PAT-1095,55:17.0,Jun 16 2026 11:24PM,5 Hours,140,75,N
11,TEL-80016,1101,PAT-1100,44:33.0,Mar 15 2026  3:56AM,0 Hours,120,95,N
12,TEL-80017,1098,PAT-1097,39:55.0,Feb 11 2026  4:27PM,5 Hours,140,85,N
13,TEL-80018,1121,PAT-1120,31:27.0,Jun 12 2026  8:49AM,3 Hours,140,75,N
14,TEL-80019,1116,PAT-1115,36:43.0,Mar 19 2026  5:35AM,1 Hours,150,90,N
15,TEL-80020,1143,PAT-1142,12:09.0,Jul 28 2026  1:36PM,1 Hours,110,80,N
16,TEL-80021,1108,PAT-1107,33:34.0,Aug  6 2026 12:50AM,4 Hours,140,90,Y
17,TEL-80022,1102,PAT-1101,03:13.0,Feb 23 2026  9:14AM,4 Hours,150,80,N
18,TEL-80023,1191,PAT-1190,23:35.0,Jun  9 2026  1:42PM,2 Hours,140,80,N
19,TEL-80024,1032,PAT-1031,38:12.0,Jun 29 2026  2:21AM,5 Hours,130,90,N
20,TEL-80027,1218,PAT-1217,21:14.0,Feb  3 2026  7:58AM,2 Hours,150,90,N
21,TEL-80028,1070,PAT-1069,47:37.0,Aug 25 2026  3:45PM,4 Hours,110,85,N
22,TEL-80029,1219,PAT-1218,15:42.0,Jan  6 2026 12:03AM,1 Hours,130,85,N
23,TEL-80031,1027,PAT-1026,05:41.0,May 20 2026  7:32AM,3 Hours,140,85,N
24,TEL-80032,1189,PAT-1188,08:08.0,May 15 2026  9:43PM,1 Hours,120,80,N
25,TEL-80035,1233,PAT-1232,14:51.0,Unknown/Pending,Pending Assessme,140,90,N
26,TEL-80036,1067,PAT-1066,00:33.0,Mar 10 2026  1:17AM,1 Hours,140,90,N
27,TEL-80038,1204,PAT-1203,12:26.0,Jan 18 2026  3:03PM,4 Hours,110,85,N
28,TEL-80039,1184,PAT-1183,14:16.0,Unknown/Pending,Pending Assessme,150,85,N
29,TEL-80040,1073,PAT-1072,26:12.0,Sep 26 2026 10:07AM,2 Hours,130,90,Y
30,TEL-80041,1164,PAT-1163,17:44.0,Aug 20 2026  4:01PM,2 Hours,140,80,N
31,TEL-80042,1013,PAT-1012,06:18.0,Sep  1 2026  8:58AM,3 Hours,150,80,N
32,TEL-80043,1024,PAT-1023,13:21.0,Mar  1 2026  7:36PM,4 Hours,140,75,Y
33,TEL-80045,1050,PAT-1049,53:00.0,Unknown/Pending,Pending Assessme,150,85,N
34,TEL-80047,1122,PAT-1121,59:20.0,Unknown/Pending,Pending Assessme,150,80,Y
35,TEL-80048,1065,PAT-1064,12:23.0,Aug 21 2026 11:11AM,2 Hours,120,85,N
36,TEL-80049,1084,PAT-1083,37:07.0,Jan  6 2026 10:49AM,2 Hours,120,80,N
37,TEL-80050,1177,PAT-1176,15:10.0,Mar 12 2026  5:16AM,3 Hours,150,80,Y
38,TEL-80051,1092,PAT-1091,50:06.0,Unknown/Pending,Pending Assessme,130,90,N
39,TEL-80052,1207,PAT-1206,01:44.0,Aug 24 2026  7:17AM,1 Hours,140,80,N
40,TEL-80055,1076,PAT-1075,29:00.0,May 18 2026  3:56PM,4 Hours,110,95,N
41,TEL-80057,1049,PAT-1048,49:35.0,Unknown/Pending,Pending Assessme,140,90,N
42,TEL-80058,1165,PAT-1164,33:42.0,Unknown/Pending,Pending Assessme,130,85,Y
43,TEL-80059,1052,PAT-1051,06:02.0,Feb 16 2026  9:32AM,3 Hours,150,75,N
44,TEL-80060,1013,PAT-1012,45:04.0,Unknown/Pending,Pending Assessme,130,95,N
45,TEL-80061,1238,PAT-1237,03:23.0,Feb 15 2026 11:43PM,3 Hours,140,95,Y
46,TEL-80064,1143,PAT-1142,06:49.0,Sep 15 2026  2:17AM,3 Hours,150,75,N
47,TEL-80066,1239,PAT-1238,20:54.0,Jun 11 2026  9:08PM,4 Hours,150,90,N
48,TEL-80067,1145,PAT-1144,49:35.0,Sep  7 2026  3:07PM,3 Hours,140,75,N
49,TEL-80068,1246,PAT-1245,02:18.0,Jul  2 2026  3:35AM,4 Hours,130,90,Y
50,TEL-80070,1025,PAT-1024,09:08.0,Jan 15 2026  4:15PM,5 Hours,130,85,N
51,TEL-80071,1208,PAT-1207,25:36.0,May  3 2026  7:12PM,1 Hours,150,90,N
52,TEL-80073,1010,PAT-1009,58:49.0,Jul  3 2026  5:48AM,4 Hours,110,80,N
53,TEL-80077,1141,PAT-1140,25:32.0,Jul  9 2026  3:39AM,1 Hours,130,75,N
54,TEL-80078,1125,PAT-1124,12:35.0,Jul 21 2026 10:48PM,4 Hours,130,85,Y
55,TEL-80079,1069,PAT-1068,59:36.0,Unknown/Pending,Pending Assessme,150,75,N
56,TEL-80080,1094,PAT-1093,22:38.0,Jun  7 2026  1:06PM,3 Hours,130,90,N
57,TEL-80081,1160,PAT-1159,59:52.0,Mar 15 2026  5:18AM,4 Hours,130,95,Y
58,TEL-80082,1029,PAT-1028,59:09.0,Jan  8 2026 10:34PM,3 Hours,120,90,Y
59,TEL-80085,1066,PAT-1065,12:50.0,Mar  2 2026 11:38AM,2 Hours,120,75,Y
60,TEL-80086,1018,PAT-1017,42:54.0,Jul 22 2026 11:54AM,3 Hours,120,80,N
61,TEL-80087,1223,PAT-1222,32:45.0,Unknown/Pending,Pending Assessme,140,75,Y
62,TEL-80089,1086,PAT-1085,10:01.0,Aug 14 2026  2:18AM,3 Hours,140,95,N
63,TEL-80093,1053,PAT-1052,43:51.0,Mar 19 2026  7:01PM,2 Hours,140,95,N
64,TEL-80095,1048,PAT-1047,46:01.0,Jun 27 2026  8:25AM,4 Hours,110,90,N
65,TEL-80097,1153,PAT-1152,01:22.0,Unknown/Pending,Pending Assessme,110,85,N
66,TEL-80098,1183,PAT-1182,31:30.0,Unknown/Pending,Pending Assessme,130,85,Y
67,TEL-80099,1105,PAT-1104,14:47.0,Jan  9 2026  3:05PM,2 Hours,130,80,N
68,TEL-80100,1238,PAT-1237,31:44.0,Aug 28 2026 11:33PM,4 Hours,130,75,N
69,TEL-80103,1189,PAT-1188,33:48.0,Jan 18 2026  1:06PM,1 Hours,130,90,N
70,TEL-80106,1101,PAT-1100,01:11.0,Jul 11 2026  3:52PM,1 Hours,110,80,N
71,TEL-80107,1083,PAT-1082,07:05.0,Unknown/Pending,Pending Assessme,110,95,N
72,TEL-80109,1012,PAT-1011,55:42.0,Mar 11 2026  8:26PM,2 Hours,130,85,Y
73,TEL-80110,1108,PAT-1107,49:28.0,May 11 2026  1:29AM,2 Hours,120,85,N
74,TEL-80113,1159,PAT-1158,03:11.0,Unknown/Pending,Pending Assessme,150,90,Y
75,TEL-80114,1038,PAT-1037,53:38.0,Jan 22 2026  7:45PM,1 Hours,120,80,N
76,TEL-80116,1192,PAT-1191,49:19.0,Jun  2 2026  6:11AM,4 Hours,120,75,Y
77,TEL-80118,1179,PAT-1178,06:36.0,Apr 20 2026  5:44AM,4 Hours,120,75,N
78,TEL-80120,1134,PAT-1133,56:39.0,Aug 16 2026  8:32AM,3 Hours,130,80,Y
79,TEL-80121,1007,PAT-1006,47:54.0,Aug 21 2026  7:27AM,4 Hours,110,80,N
80,TEL-80122,1090,PAT-1089,13:00.0,Sep 26 2026 10:45PM,2 Hours,140,80,N
81,TEL-80123,1077,PAT-1076,49:00.0,Unknown/Pending,Pending Assessme,140,90,N
82,TEL-80124,1186,PAT-1185,12:21.0,Jan 27 2026  9:25AM,4 Hours,110,80,N
83,TEL-80125,1124,PAT-1123,57:55.0,Mar 21 2026  5:56PM,3 Hours,110,75,Y
84,TEL-80126,1214,PAT-1213,46:43.0,Sep 10 2026 11:28PM,5 Hours,120,85,N
85,TEL-80127,1205,PAT-1204,17:53.0,Unknown/Pending,Pending Assessme,110,95,N
86,TEL-80128,1147,PAT-1146,07:55.0,Jul  6 2026  9:52PM,2 Hours,150,90,Y
87,TEL-80131,1232,PAT-1231,21:59.0,Sep  5 2026 10:57AM,4 Hours,140,90,N
88,TEL-80132,1197,PAT-1196,43:08.0,Feb 27 2026  5:09PM,1 Hours,110,75,Y
89,TEL-80133,1002,PAT-1001,54:38.0,May  3 2026 12:52AM,3 Hours,110,80,Y
90,TEL-80134,1134,PAT-1133,48:19.0,May  1 2026  8:43PM,2 Hours,140,85,N
91,TEL-80135,1074,PAT-1073,49:28.0,May 18 2026  1:16PM,3 Hours,130,85,N
92,TEL-80138,1034,PAT-1033,03:06.0,Jan 16 2026  9:55PM,0 Hours,110,75,N
93,TEL-80139,1181,PAT-1180,19:21.0,Aug 20 2026  4:00PM,5 Hours,120,75,N
94,TEL-80140,1024,PAT-1023,19:43.0,Aug  4 2026  6:25PM,4 Hours,110,85,N
95,TEL-80141,1037,PAT-1036,11:44.0,May 12 2026  3:08PM,3 Hours,140,75,N
96,TEL-80142,1008,PAT-1007,22:30.0,Feb 16 2026  4:57AM,1 Hours,140,90,N
97,TEL-80144,1103,PAT-1102,15:35.0,Unknown/Pending,Pending Assessme,110,75,Y
98,TEL-80147,1211,PAT-1210,25:04.0,Aug  6 2026 12:47PM,3 Hours,140,75,Y
99,TEL-80148,1024,PAT-1023,56:37.0,Apr 27 2026  5:04AM,1 Hours,130,95,N
100,TEL-80149,1116,PAT-1115,39:36.0,Sep 10 2026  2:32PM,2 Hours,150,90,N
101,TEL-80151,1217,PAT-1216,03:23.0,Mar 28 2026  9:38AM,0 Hours,120,95,N
102,TEL-80152,1029,PAT-1028,15:27.0,May 28 2026  3:44AM,3 Hours,150,90,N
103,TEL-80153,1104,PAT-1103,13:42.0,Unknown/Pending,Pending Assessme,130,85,N
104,TEL-80154,1216,PAT-1215,09:18.0,Jun 27 2026  2:21PM,1 Hours,130,80,Y
105,TEL-80155,1166,PAT-1165,56:31.0,Jan  6 2026  1:13AM,2 Hours,120,85,N
106,TEL-80159,1181,PAT-1180,30:44.0,Unknown/Pending,Pending Assessme,150,95,N
107,TEL-80160,1120,PAT-1119,56:39.0,Unknown/Pending,Pending Assessme,110,95,Y
108,TEL-80162,1121,PAT-1120,36:46.0,Aug 17 2026  6:44PM,3 Hours,140,90,N
109,TEL-80165,1218,PAT-1217,39:17.0,May  9 2026  6:58AM,2 Hours,120,95,Y
110,TEL-80166,1155,PAT-1154,09:42.0,Mar 20 2026 12:46AM,1 Hours,140,95,N
111,TEL-80168,1215,PAT-1214,49:24.0,Aug 25 2026  5:42PM,4 Hours,150,95,N
112,TEL-80169,1054,PAT-1053,16:48.0,Jun  2 2026  8:50PM,0 Hours,130,75,N
113,TEL-80170,1122,PAT-1121,48:59.0,May 17 2026  3:10AM,4 Hours,150,95,N
114,TEL-80171,1122,PAT-1121,55:27.0,Unknown/Pending,Pending Assessme,110,75,N
115,TEL-80173,1086,PAT-1085,16:41.0,May  9 2026  7:20AM,4 Hours,150,95,N
116,TEL-80175,1213,PAT-1212,06:33.0,Unknown/Pending,Pending Assessme,110,90,N
117,TEL-80177,1244,PAT-1243,05:54.0,Feb 23 2026  6:25AM,3 Hours,150,95,N
118,TEL-80178,1230,PAT-1229,16:18.0,Feb 23 2026  6:02AM,1 Hours,150,75,N
119,TEL-80179,1197,PAT-1196,49:49.0,Jul 23 2026 11:19PM,2 Hours,120,90,Y
120,TEL-80180,1098,PAT-1097,16:52.0,Jul 11 2026  5:09AM,4 Hours,120,75,N
121,TEL-80181,1157,PAT-1156,31:06.0,Unknown/Pending,Pending Assessme,110,85,Y
122,TEL-80183,1199,PAT-1198,09:41.0,Aug  1 2026  3:36PM,0 Hours,150,75,N
123,TEL-80184,1039,PAT-1038,00:32.0,Jun 13 2026 10:19PM,4 Hours,110,75,N
124,TEL-80187,1216,PAT-1215,41:12.0,Unknown/Pending,Pending Assessme,120,75,N
125,TEL-80188,1077,PAT-1076,44:22.0,Jul  5 2026 12:36AM,4 Hours,150,85,N
126,TEL-80190,1128,PAT-1127,01:02.0,Sep 27 2026  5:01PM,3 Hours,150,80,N
127,TEL-80191,1031,PAT-1030,42:33.0,Apr 27 2026  1:24AM,5 Hours,130,95,N
128,TEL-80194,1214,PAT-1213,07:31.0,Feb 27 2026  5:07AM,2 Hours,120,85,N
129,TEL-80195,1087,PAT-1086,43:36.0,Jul 11 2026  6:35AM,3 Hours,130,80,N
130,TEL-80197,1063,PAT-1062,50:54.0,Jan  5 2026  7:10AM,4 Hours,130,80,N
131,TEL-80198,1021,PAT-1020,59:05.0,Jan  1 2026  8:32AM,3 Hours,110,95,N
132,TEL-80199,1178,PAT-1177,40:17.0,Mar  7 2026  8:18AM,4 Hours,130,85,Y
133,TEL-80200,1153,PAT-1152,39:05.0,Mar 23 2026  6:21PM,3 Hours,140,75,Y
134,TEL-80202,1198,PAT-1197,12:07.0,Apr  9 2026  5:22AM,4 Hours,110,85,N
135,TEL-80204,1012,PAT-1011,59:34.0,Unknown/Pending,Pending Assessme,120,75,Y
136,TEL-80205,1019,PAT-1018,37:37.0,Apr 24 2026  4:26PM,2 Hours,150,95,N
137,TEL-80206,1059,PAT-1058,06:15.0,Feb 11 2026  8:56AM,1 Hours,110,85,Y
138,TEL-80207,1121,PAT-1120,09:13.0,Aug  2 2026  5:09PM,4 Hours,130,75,N
139,TEL-80208,1035,PAT-1034,40:22.0,Aug 24 2026  8:31AM,2 Hours,140,85,Y
140,TEL-80209,1178,PAT-1177,07:54.0,Jan  9 2026  7:49AM,3 Hours,130,90,N
141,TEL-80211,1023,PAT-1022,31:55.0,Jul 28 2026  9:41PM,5 Hours,110,75,N
142,TEL-80214,1208,PAT-1207,15:05.0,Feb 15 2026  3:29PM,0 Hours,150,95,N
143,TEL-80215,1244,PAT-1243,18:15.0,Apr  5 2026 12:12PM,1 Hours,120,75,N
144,TEL-80216,1042,PAT-1041,47:37.0,Unknown/Pending,Pending Assessme,110,75,N
145,TEL-80217,1224,PAT-1223,40:29.0,Jul  6 2026 11:48AM,0 Hours,150,80,N
146,TEL-80219,1159,PAT-1158,32:58.0,Jun 24 2026  2:06AM,1 Hours,120,75,N
147,TEL-80221,1036,PAT-1035,07:41.0,Jun  8 2026 10:12PM,5 Hours,150,85,N
148,TEL-80222,1083,PAT-1082,43:27.0,Jun  9 2026  5:23PM,1 Hours,140,90,N
149,TEL-80223,1125,PAT-1124,30:45.0,Sep 17 2026  8:10AM,5 Hours,140,75,N
150,TEL-80224,1205,PAT-1204,05:05.0,Feb  7 2026  3:44PM,1 Hours,140,80,Y
151,TEL-80226,1076,PAT-1075,59:08.0,Jul 22 2026  9:42PM,4 Hours,110,95,Y
152,TEL-80227,1075,PAT-1074,55:51.0,Apr  3 2026  5:29AM,5 Hours,150,90,N
153,TEL-80229,1078,PAT-1077,10:50.0,Mar 26 2026  1:25PM,4 Hours,140,90,Y
154,TEL-80230,1038,PAT-1037,10:39.0,Jun 10 2026  6:52PM,4 Hours,140,85,N
155,TEL-80231,1215,PAT-1214,07:02.0,Mar  6 2026 12:09PM,5 Hours,130,75,N
156,TEL-80232,1095,PAT-1094,45:02.0,Mar  7 2026  8:49PM,3 Hours,130,90,N
157,TEL-80233,1139,PAT-1138,07:58.0,Unknown/Pending,Pending Assessme,110,85,N
158,TEL-80234,1238,PAT-1237,47:34.0,Jun  5 2026  3:44AM,3 Hours,150,95,N
159,TEL-80235,1122,PAT-1121,42:09.0,May 25 2026 10:36PM,4 Hours,140,95,Y
160,TEL-80236,1188,PAT-1187,43:35.0,Unknown/Pending,Pending Assessme,120,75,N
161,TEL-80239,1126,PAT-1125,32:03.0,Jun 20 2026 10:44PM,3 Hours,110,85,N
162,TEL-80241,1187,PAT-1186,51:28.0,Aug 24 2026  5:36PM,4 Hours,150,75,N
163,TEL-80242,1214,PAT-1213,19:30.0,Feb  5 2026 10:55AM,4 Hours,140,80,N
164,TEL-80243,1023,PAT-1022,58:17.0,Jan 15 2026  1:50AM,5 Hours,110,95,N
165,TEL-80245,1144,PAT-1143,50:00.0,Unknown/Pending,Pending Assessme,140,95,N
166,TEL-80246,1032,PAT-1031,31:58.0,May 14 2026  7:44AM,2 Hours,120,80,N
167,TEL-80247,1127,PAT-1126,23:37.0,Feb 21 2026  3:14AM,4 Hours,140,95,N
168,TEL-80248,1250,PAT-1249,46:36.0,Unknown/Pending,Pending Assessme,140,85,Y
169,TEL-80249,1038,PAT-1037,08:22.0,Unknown/Pending,Pending Assessme,140,90,N
170,TEL-80251,1196,PAT-1195,34:20.0,Feb 20 2026  8:16AM,3 Hours,140,95,N
171,TEL-80253,1200,PAT-1199,58:58.0,Unknown/Pending,Pending Assessme,130,85,N
172,TEL-80255,1107,PAT-1106,52:08.0,Aug  3 2026  8:05AM,5 Hours,140,90,N
173,TEL-80256,1036,PAT-1035,48:21.0,Unknown/Pending,Pending Assessme,140,80,Y
174,TEL-80257,1057,PAT-1056,09:44.0,Mar 28 2026 11:21PM,1 Hours,130,85,Y
175,TEL-80258,1109,PAT-1108,49:30.0,Feb  3 2026  1:18AM,1 Hours,130,80,Y
176,TEL-80259,1204,PAT-1203,30:07.0,Sep 19 2026  2:00AM,1 Hours,120,90,Y
177,TEL-80260,1194,PAT-1193,58:38.0,Feb 26 2026  5:48AM,2 Hours,130,95,N
178,TEL-80262,1130,PAT-1129,48:00.0,Feb  4 2026  8:34PM,2 Hours,140,85,Y
179,TEL-80263,1250,PAT-1249,54:45.0,Feb  7 2026 10:03PM,6 Hours,130,75,Y
180,TEL-80264,1047,PAT-1046,13:32.0,Jun 13 2026  2:18PM,1 Hours,140,80,N
181,TEL-80265,1029,PAT-1028,48:23.0,Sep  5 2026  8:41PM,5 Hours,150,80,Y
182,TEL-80266,1084,PAT-1083,18:29.0,Aug  4 2026  3:05PM,3 Hours,150,75,N
183,TEL-80267,1142,PAT-1141,12:54.0,Unknown/Pending,Pending Assessme,110,95,N
184,TEL-80268,1046,PAT-1045,43:06.0,Jan 22 2026  8:18PM,5 Hours,150,95,Y
185,TEL-80269,1031,PAT-1030,44:37.0,Mar 13 2026  2:18PM,2 Hours,120,90,N
186,TEL-80270,1087,PAT-1086,07:14.0,Apr 20 2026  4:30PM,4 Hours,140,95,N
187,TEL-80272,1197,PAT-1196,16:31.0,Aug  4 2026  4:32AM,1 Hours,120,80,Y
188,TEL-80273,1213,PAT-1212,01:11.0,Feb 16 2026 11:56PM,2 Hours,130,90,Y
189,TEL-80274,1195,PAT-1194,49:31.0,Feb 22 2026  6:40PM,2 Hours,140,95,N
190,TEL-80275,1126,PAT-1125,21:51.0,Sep  9 2026 10:08PM,5 Hours,120,80,N
191,TEL-80276,1226,PAT-1225,20:54.0,Feb 13 2026  6:23PM,4 Hours,120,80,N
192,TEL-80277,1143,PAT-1142,31:27.0,Unknown/Pending,Pending Assessme,150,75,N
193,TEL-80280,1197,PAT-1196,01:37.0,Unknown/Pending,Pending Assessme,140,90,Y
194,TEL-80281,1196,PAT-1195,27:22.0,Jun 13 2026  7:05AM,4 Hours,140,80,N
195,TEL-80282,1064,PAT-1063,37:05.0,Apr 21 2026 10:18AM,1 Hours,140,80,N
196,TEL-80288,1152,PAT-1151,36:51.0,Jun  9 2026  6:22AM,4 Hours,130,90,Y
197,TEL-80289,1167,PAT-1166,27:42.0,May 17 2026 11:17AM,2 Hours,110,75,N
198,TEL-80290,1160,PAT-1159,48:35.0,Sep 15 2026 10:05PM,1 Hours,150,95,N
199,TEL-80292,1240,PAT-1239,23:29.0,Unknown/Pending,Pending Assessme,130,95,N
200,TEL-80293,1217,PAT-1216,55:53.0,Jul 14 2026 12:47PM,2 Hours,110,90,N
201,TEL-80294,1166,PAT-1165,38:15.0,Mar  9 2026 10:44PM,1 Hours,130,85,Y
202,TEL-80295,1063,PAT-1062,35:27.0,May 15 2026  4:01PM,1 Hours,130,85,N
203,TEL-80296,1035,PAT-1034,42:35.0,Unknown/Pending,Pending Assessme,120,95,N
204,TEL-80297,1201,PAT-1200,20:38.0,Jan  2 2026  3:00AM,1 Hours,110,90,Y
205,TEL-80300,1207,PAT-1206,09:06.0,Unknown/Pending,Pending Assessme,140,75,N
206,TEL-80302,1175,PAT-1174,23:30.0,Apr  9 2026  7:08AM,3 Hours,120,95,Y
207,TEL-80303,1216,PAT-1215,15:16.0,Jan 24 2026 12:01AM,3 Hours,150,95,N
208,TEL-80304,1232,PAT-1231,54:28.0,Feb 18 2026 11:23AM,4 Hours,140,90,Y
209,TEL-80305,1240,PAT-1239,55:56.0,Unknown/Pending,Pending Assessme,110,95,N
210,TEL-80306,1226,PAT-1225,17:55.0,Unknown/Pending,Pending Assessme,110,75,N
211,TEL-80307,1238,PAT-1237,56:58.0,Jun 23 2026  3:26PM,2 Hours,150,90,Y
212,TEL-80308,1091,PAT-1090,52:35.0,Jul 21 2026  3:52AM,4 Hours,150,80,Y
213,TEL-80309,1165,PAT-1164,50:41.0,Unknown/Pending,Pending Assessme,110,85,N
214,TEL-80311,1203,PAT-1202,55:47.0,Unknown/Pending,Pending Assessme,130,95,N
215,TEL-80313,1243,PAT-1242,39:40.0,Jan 18 2026  9:32PM,1 Hours,110,85,N
216,TEL-80314,1180,PAT-1179,39:27.0,Mar  2 2026  2:03PM,2 Hours,120,90,N
217,TEL-80315,1243,PAT-1242,33:27.0,Feb  2 2026  2:33AM,4 Hours,150,75,Y
218,TEL-80316,1058,PAT-1057,18:47.0,Apr  7 2026  9:32AM,1 Hours,110,85,N
219,TEL-80317,1211,PAT-1210,12:26.0,May 24 2026 10:34PM,1 Hours,120,90,N
220,TEL-80318,1061,PAT-1060,37:43.0,Aug  8 2026 12:28PM,1 Hours,120,75,N
221,TEL-80322,1149,PAT-1148,32:31.0,Mar  9 2026  9:39AM,4 Hours,130,80,N
222,TEL-80323,1182,PAT-1181,16:07.0,Sep 14 2026  5:29AM,1 Hours,110,90,N
223,TEL-80325,1229,PAT-1228,31:48.0,Mar 12 2026  4:23AM,5 Hours,150,95,N
224,TEL-80326,1014,PAT-1013,14:11.0,Unknown/Pending,Pending Assessme,140,85,N
225,TEL-80327,1112,PAT-1111,28:22.0,Feb 16 2026  6:23AM,5 Hours,110,75,N
226,TEL-80328,1029,PAT-1028,05:13.0,Mar  4 2026 12:45PM,1 Hours,130,95,N
227,TEL-80329,1145,PAT-1144,33:49.0,Apr 19 2026  4:14AM,4 Hours,120,85,N
228,TEL-80330,1174,PAT-1173,18:43.0,Feb 11 2026  1:28AM,1 Hours,110,90,Y
229,TEL-80331,1215,PAT-1214,05:29.0,Jun  5 2026  4:18AM,4 Hours,110,95,N
230,TEL-80332,1153,PAT-1152,41:39.0,Jan 11 2026  4:35AM,3 Hours,150,95,N
231,TEL-80334,1024,PAT-1023,15:49.0,Jul  9 2026  6:08AM,1 Hours,120,85,N
232,TEL-80335,1100,PAT-1099,48:41.0,Unknown/Pending,Pending Assessme,140,75,N
233,TEL-80338,1112,PAT-1111,32:21.0,Jul  3 2026  3:34AM,2 Hours,150,95,N
234,TEL-80339,1239,PAT-1238,41:33.0,Unknown/Pending,Pending Assessme,110,75,Y
235,TEL-80341,1146,PAT-1145,58:02.0,Jan 18 2026  7:27AM,5 Hours,110,75,Y
236,TEL-80342,1119,PAT-1118,37:05.0,May 12 2026  8:53AM,0 Hours,120,95,N
237,TEL-80344,1194,PAT-1193,21:58.0,Aug 20 2026 10:04AM,2 Hours,130,85,Y
238,TEL-80345,1192,PAT-1191,06:27.0,May 28 2026  9:16PM,0 Hours,110,80,Y
239,TEL-80347,1177,PAT-1176,05:08.0,Unknown/Pending,Pending Assessme,130,80,Y
240,TEL-80348,1179,PAT-1178,13:30.0,Apr 28 2026  2:24AM,2 Hours,110,95,N
241,TEL-80349,1023,PAT-1022,09:30.0,May 25 2026  3:16PM,1 Hours,130,85,N
242,TEL-80351,1014,PAT-1013,40:54.0,Jun  1 2026  7:20AM,4 Hours,110,95,N
243,TEL-80352,1010,PAT-1009,32:37.0,Aug 13 2026  7:49PM,4 Hours,130,95,Y
244,TEL-80353,1136,PAT-1135,20:35.0,Unknown/Pending,Pending Assessme,150,75,N
245,TEL-80354,1030,PAT-1029,22:28.0,Aug 20 2026  8:40PM,0 Hours,130,90,N
246,TEL-80356,1034,PAT-1033,24:26.0,May 25 2026  1:36AM,3 Hours,110,85,N
247,TEL-80357,1073,PAT-1072,08:11.0,Feb 22 2026  7:27PM,4 Hours,120,75,N
248,TEL-80358,1078,PAT-1077,03:01.0,Apr  7 2026  7:24PM,2 Hours,140,95,N
249,TEL-80359,1045,PAT-1044,21:27.0,Unknown/Pending,Pending Assessme,130,80,N
250,TEL-80360,1125,PAT-1124,49:02.0,May 11 2026  4:42PM,5 Hours,140,85,Y
251,TEL-80362,1211,PAT-1210,06:10.0,Sep  2 2026  5:59PM,1 Hours,140,85,N
252,TEL-80363,1182,PAT-1181,31:46.0,Aug 25 2026  5:57PM,1 Hours,150,90,N
253,TEL-80364,1210,PAT-1209,28:26.0,Mar  4 2026  6:39AM,0 Hours,130,75,N
254,TEL-80365,1074,PAT-1073,17:23.0,Sep  6 2026  5:57AM,3 Hours,140,95,N
255,TEL-80367,1242,PAT-1241,49:00.0,Jan 15 2026  9:21AM,5 Hours,120,80,N
256,TEL-80368,1081,PAT-1080,27:03.0,Jul 25 2026  5:53AM,0 Hours,150,95,N
257,TEL-80369,1232,PAT-1231,51:42.0,Jan 22 2026  1:30AM,3 Hours,110,75,N
258,TEL-80370,1185,PAT-1184,52:17.0,Jun 12 2026  2:15AM,2 Hours,150,75,N
259,TEL-80371,1165,PAT-1164,50:39.0,Apr 18 2026 10:54PM,3 Hours,150,75,N
260,TEL-80373,1055,PAT-1054,19:33.0,Feb 17 2026  6:48PM,1 Hours,120,80,N
261,TEL-80374,1062,PAT-1061,32:07.0,May 24 2026  4:50PM,3 Hours,140,95,N
262,TEL-80375,1032,PAT-1031,07:28.0,Jan 25 2026  8:17PM,0 Hours,110,90,N
263,TEL-80376,1207,PAT-1206,14:22.0,Sep 29 2026 12:15AM,5 Hours,150,85,N
264,TEL-80377,1134,PAT-1133,33:37.0,Apr  4 2026  1:45PM,3 Hours,110,80,N
265,TEL-80378,1183,PAT-1182,05:05.0,Unknown/Pending,Pending Assessme,130,75,N
266,TEL-80379,1115,PAT-1114,33:25.0,Feb 13 2026  2:06AM,5 Hours,110,90,N
267,TEL-80380,1163,PAT-1162,59:31.0,Jul 16 2026  2:40AM,4 Hours,130,85,N
268,TEL-80381,1125,PAT-1124,32:55.0,Aug  6 2026 12:28AM,2 Hours,110,75,Y
269,TEL-80382,1192,PAT-1191,58:07.0,Mar 18 2026  3:35PM,4 Hours,120,80,N
270,TEL-80383,1147,PAT-1146,09:07.0,May  2 2026  7:28PM,3 Hours,140,90,N
271,TEL-80384,1008,PAT-1007,26:03.0,Mar  5 2026  9:10PM,3 Hours,140,85,N
272,TEL-80385,1210,PAT-1209,35:22.0,Unknown/Pending,Pending Assessme,120,75,N
273,TEL-80387,1196,PAT-1195,29:48.0,Mar 18 2026 12:26AM,4 Hours,130,95,N
274,TEL-80388,1023,PAT-1022,57:25.0,Jul 13 2026  8:28AM,1 Hours,150,75,N
275,TEL-80391,1193,PAT-1192,07:42.0,Aug 17 2026  1:47AM,1 Hours,120,90,N
276,TEL-80392,1063,PAT-1062,38:20.0,Aug  3 2026  6:09PM,1 Hours,110,80,N
277,TEL-80393,1112,PAT-1111,55:33.0,Mar 14 2026  3:14AM,3 Hours,120,80,Y
278,TEL-80394,1139,PAT-1138,11:16.0,Mar 10 2026  5:37AM,1 Hours,140,75,N
279,TEL-80395,1016,PAT-1015,45:03.0,Jun  6 2026  1:43AM,1 Hours,140,85,N
280,TEL-80396,1229,PAT-1228,52:57.0,Unknown/Pending,Pending Assessme,130,85,N
