patient_key,patient_id,full_name,first_name,last_name,date_of_birth,gender,insurance_provider,
1146,PAT-1145,Alex Jones,Alex,Jones,3/17/1957,M,Healthshield,
1173,PAT-1172,Alex Jones,Alex,Jones,5/16/1957,M,Medicare,
1154,PAT-1153,Alex Jones,Alex,Jones,10/28/1960,M,Uninsured,
1096,PAT-1095,Alex Jones,Alex,Jones,10/1/1961,M,Uninsured,
1021,PAT-1020,Alex Jones,Alex,Jones,11/10/1961,M,Uninsured,
1217,PAT-1216,Alex Jones,Alex,Jones,10/5/1966,M,Medicare,
1064,PAT-1063,Alex Jones,Alex,Jones,1/4/1971,F,Lifeguard,
1208,PAT-1207,Alex Jones,Alex,Jones,6/4/1973,F,Uninsured,
1070,PAT-1069,Alex Jones,Alex,Jones,7/18/1974,M,Lifeguard,
1233,PAT-1232,Alex Jones,Alex,Jones,8/7/1976,F,Medicare,
1056,PAT-1055,Alex Jones,Alex,Jones,1/12/1978,F,Medicare,
1174,PAT-1173,Alex Jones,Alex,Jones,11/24/1978,M,Globalcare,
1083,PAT-1082,Alex Jones,Alex,Jones,12/5/1979,F,Healthshield,
1025,PAT-1024,Alex Jones,Alex,Jones,9/6/1985,M,Uninsured,
1042,PAT-1041,Alex Jones,Alex,Jones,2/28/1987,M,Uninsured,
1121,PAT-1120,Alex Jones,Alex,Jones,2/6/1990,F,Globalcare,
1015,PAT-1014,Alex Jones,Alex,Jones,9/9/1990,M,Globalcare,
1229,PAT-1228,Alex Jones,Alex,Jones,11/5/1992,M,Uninsured,
1215,PAT-1214,Alex Jones,Alex,Jones,2/17/1995,F,Lifeguard,
1175,PAT-1174,Alex Jones,Alex,Jones,2/27/1996,M,Globalcare,
1236,PAT-1235,Alex Jones,Alex,Jones,10/26/1999,F,Globalcare,
1111,PAT-1110,Alex Jones,Alex,Jones,8/9/2002,M,Uninsured,
1148,PAT-1147,Alex Jones,Alex,Jones,5/11/2005,F,Globalcare,
1058,PAT-1057,Alex Jones,Alex,Jones,3/14/2006,F,Uninsured,
1166,PAT-1165,Alex Jones,Alex,Jones,8/26/2007,F,Lifeguard,
1055,PAT-1054,Alex Jones,Alex,Jones,6/19/2008,F,Globalcare,
1246,PAT-1245,Alex Jones,Alex,Jones,8/23/2008,U,Uninsured,
1031,PAT-1030,Alex Jones,Alex,Jones,10/19/2011,F,Globalcare,
1163,PAT-1162,Alex Jones,Alex,Jones,11/21/2012,M,Globalcare,
1186,PAT-1185,David Lee,David,Lee,1/16/1956,F,Uninsured,
1178,PAT-1177,David Lee,David,Lee,8/3/1962,F,Uninsured,
1114,PAT-1113,David Lee,David,Lee,11/28/1963,M,Healthshield,
1095,PAT-1094,David Lee,David,Lee,10/20/1965,F,Healthshield,
1074,PAT-1073,David Lee,David,Lee,3/1/1967,F,Globalcare,
1110,PAT-1109,David Lee,David,Lee,2/24/1969,M,Healthshield,
1128,PAT-1127,David Lee,David,Lee,11/27/1969,M,Healthshield,
1158,PAT-1157,David Lee,David,Lee,4/13/1974,M,Medicare,
1200,PAT-1199,David Lee,David,Lee,1/6/1977,M,Uninsured,
1176,PAT-1175,David Lee,David,Lee,4/15/1978,F,Lifeguard,
1153,PAT-1152,David Lee,David,Lee,3/8/1982,F,Uninsured,
1115,PAT-1114,David Lee,David,Lee,6/6/1983,M,Globalcare,
1020,PAT-1019,David Lee,David,Lee,1/24/1984,M,Uninsured,
1126,PAT-1125,David Lee,David,Lee,12/10/1984,F,Lifeguard,
1139,PAT-1138,David Lee,David,Lee,8/8/1985,M,Medicare,
1081,PAT-1080,David Lee,David,Lee,8/21/1988,M,Globalcare,
1113,PAT-1112,David Lee,David,Lee,3/9/1989,M,Uninsured,
1137,PAT-1136,David Lee,David,Lee,7/3/1990,U,Healthshield,
1130,PAT-1129,David Lee,David,Lee,7/21/1992,M,Globalcare,
1206,PAT-1205,David Lee,David,Lee,8/17/1992,M,Healthshield,
1060,PAT-1059,David Lee,David,Lee,2/13/1999,U,Globalcare,
1045,PAT-1044,David Lee,David,Lee,6/8/2000,F,Medicare,
1151,PAT-1150,David Lee,David,Lee,2/14/2002,U,Uninsured,
1046,PAT-1045,David Lee,David,Lee,2/1/2003,M,Uninsured,
1129,PAT-1128,David Lee,David,Lee,3/16/2003,F,Globalcare,
1227,PAT-1226,David Lee,David,Lee,6/22/2004,M,Uninsured,
1133,PAT-1132,David Lee,David,Lee,7/28/2004,U,Healthshield,
1039,PAT-1038,David Lee,David,Lee,8/10/2005,F,Uninsured,
1170,PAT-1169,David Lee,David,Lee,11/12/2007,F,Medicare,
1112,PAT-1111,David Lee,David,Lee,4/10/2008,M,Medicare,
1142,PAT-1141,David Lee,David,Lee,10/19/2008,F,Medicare,
1052,PAT-1051,David Lee,David,Lee,1/3/2009,F,Lifeguard,
1141,PAT-1140,David Lee,David,Lee,7/11/2009,M,Healthshield,
1105,PAT-1104,David Lee,David,Lee,10/23/2011,M,Healthshield,
1225,PAT-1224,Emma Brown,Emma,Brown,9/21/1960,M,Medicare,
1228,PAT-1227,Emma Brown,Emma,Brown,9/22/1961,M,Lifeguard,
1023,PAT-1022,Emma Brown,Emma,Brown,6/27/1962,F,Healthshield,
1005,PAT-1004,Emma Brown,Emma,Brown,6/4/1968,F,Healthshield,
1030,PAT-1029,Emma Brown,Emma,Brown,5/22/1970,F,Uninsured,
1183,PAT-1182,Emma Brown,Emma,Brown,1/5/1971,F,Uninsured,
1198,PAT-1197,Emma Brown,Emma,Brown,10/8/1972,U,Uninsured,
1131,PAT-1130,Emma Brown,Emma,Brown,11/4/1975,M,Globalcare,
1010,PAT-1009,Emma Brown,Emma,Brown,4/22/1977,F,Uninsured,
1091,PAT-1090,Emma Brown,Emma,Brown,5/25/1979,M,Healthshield,
1100,PAT-1099,Emma Brown,Emma,Brown,8/4/1981,M,Uninsured,
1059,PAT-1058,Emma Brown,Emma,Brown,11/28/1981,U,Medicare,
1014,PAT-1013,Emma Brown,Emma,Brown,7/21/1986,F,Lifeguard,
1065,PAT-1064,Emma Brown,Emma,Brown,2/13/1987,F,Lifeguard,
1194,PAT-1193,Emma Brown,Emma,Brown,1/19/1990,M,Lifeguard,
1239,PAT-1238,Emma Brown,Emma,Brown,8/15/1991,U,Globalcare,
1203,PAT-1202,Emma Brown,Emma,Brown,10/3/1991,F,Medicare,
1006,PAT-1005,Emma Brown,Emma,Brown,5/26/1993,F,Globalcare,
1219,PAT-1218,Emma Brown,Emma,Brown,6/5/1995,M,Globalcare,
1231,PAT-1230,Emma Brown,Emma,Brown,12/27/1997,F,Uninsured,
1144,PAT-1143,Emma Brown,Emma,Brown,4/19/1999,F,Globalcare,
1008,PAT-1007,Emma Brown,Emma,Brown,2/2/2000,F,Lifeguard,
1109,PAT-1108,Emma Brown,Emma,Brown,9/11/2002,F,Globalcare,
1216,PAT-1215,Emma Brown,Emma,Brown,11/27/2007,F,Healthshield,
1245,PAT-1244,Emma Brown,Emma,Brown,12/21/2008,U,Medicare,
1210,PAT-1209,Emma Brown,Emma,Brown,12/2/2010,M,Globalcare,
1079,PAT-1078,Emma Brown,Emma,Brown,8/20/2012,M,Globalcare,
1247,PAT-1246,Grace Davis,Grace,Davis,2/1/1955,F,Medicare,
1156,PAT-1155,Grace Davis,Grace,Davis,8/10/1955,M,Medicare,
1150,PAT-1149,Grace Davis,Grace,Davis,10/3/1957,F,Uninsured,
1033,PAT-1032,Grace Davis,Grace,Davis,11/21/1958,M,Healthshield,
1035,PAT-1034,Grace Davis,Grace,Davis,5/15/1966,U,Healthshield,
1134,PAT-1133,Grace Davis,Grace,Davis,9/12/1967,U,Globalcare,
1135,PAT-1134,Grace Davis,Grace,Davis,5/18/1968,M,Globalcare,
1205,PAT-1204,Grace Davis,Grace,Davis,9/4/1968,F,Healthshield,
1122,PAT-1121,Grace Davis,Grace,Davis,5/23/1969,F,Globalcare,
1238,PAT-1237,Grace Davis,Grace,Davis,5/26/1970,U,Medicare,
1090,PAT-1089,Grace Davis,Grace,Davis,7/11/1971,F,Lifeguard,
1040,PAT-1039,Grace Davis,Grace,Davis,4/2/1973,F,Uninsured,
1143,PAT-1142,Grace Davis,Grace,Davis,6/18/1977,F,Globalcare,
1213,PAT-1212,Grace Davis,Grace,Davis,2/14/1978,F,Globalcare,
1132,PAT-1131,Grace Davis,Grace,Davis,9/2/1980,M,Lifeguard,
1101,PAT-1100,Grace Davis,Grace,Davis,3/24/1982,F,Lifeguard,
1054,PAT-1053,Grace Davis,Grace,Davis,9/1/1982,M,Uninsured,
1147,PAT-1146,Grace Davis,Grace,Davis,1/24/1984,F,Uninsured,
1107,PAT-1106,Grace Davis,Grace,Davis,8/26/1986,M,Lifeguard,
1072,PAT-1071,Grace Davis,Grace,Davis,8/26/1987,F,Uninsured,
1226,PAT-1225,Grace Davis,Grace,Davis,9/20/1988,M,Lifeguard,
1092,PAT-1091,Grace Davis,Grace,Davis,1/12/1989,F,Healthshield,
1218,PAT-1217,Grace Davis,Grace,Davis,10/15/1991,M,Uninsured,
1119,PAT-1118,Grace Davis,Grace,Davis,7/10/1992,M,Healthshield,
1127,PAT-1126,Grace Davis,Grace,Davis,1/14/1993,M,Uninsured,
1136,PAT-1135,Grace Davis,Grace,Davis,10/26/1995,F,Medicare,
1138,PAT-1137,Grace Davis,Grace,Davis,3/16/1996,M,Uninsured,
1080,PAT-1079,Grace Davis,Grace,Davis,8/15/2002,U,Medicare,
1220,PAT-1219,Grace Davis,Grace,Davis,5/19/2005,M,Uninsured,
1223,PAT-1222,Grace Davis,Grace,Davis,12/2/2005,U,Uninsured,
1004,PAT-1003,Grace Davis,Grace,Davis,1/25/2006,F,Globalcare,
1102,PAT-1101,Grace Davis,Grace,Davis,12/19/2007,M,Medicare,
1193,PAT-1192,Grace Davis,Grace,Davis,2/3/2008,M,Uninsured,
1036,PAT-1035,Grace Davis,Grace,Davis,9/4/2009,F,Uninsured,
1171,PAT-1170,Grace Davis,Grace,Davis,9/11/2011,F,Uninsured,
1161,PAT-1160,Grace Davis,Grace,Davis,5/25/2012,M,Lifeguard,
1032,PAT-1031,James Wilson,James,Wilson,11/14/1961,F,Globalcare,
1165,PAT-1164,James Wilson,James,Wilson,9/12/1963,M,Lifeguard,
1016,PAT-1015,James Wilson,James,Wilson,9/16/1963,U,Healthshield,
1191,PAT-1190,James Wilson,James,Wilson,7/11/1969,F,Globalcare,
1243,PAT-1242,James Wilson,James,Wilson,8/12/1969,F,Healthshield,
1124,PAT-1123,James Wilson,James,Wilson,11/5/1969,U,Medicare,
1076,PAT-1075,James Wilson,James,Wilson,3/21/1970,M,Healthshield,
1244,PAT-1243,James Wilson,James,Wilson,7/3/1970,F,Healthshield,
1248,PAT-1247,James Wilson,James,Wilson,4/10/1973,M,Medicare,
1209,PAT-1208,James Wilson,James,Wilson,9/23/1979,M,Uninsured,
1212,PAT-1211,James Wilson,James,Wilson,1/11/1980,U,Uninsured,
1214,PAT-1213,James Wilson,James,Wilson,5/24/1980,F,Lifeguard,
1018,PAT-1017,James Wilson,James,Wilson,9/9/1984,U,Healthshield,
1104,PAT-1103,James Wilson,James,Wilson,6/6/1986,F,Lifeguard,
1189,PAT-1188,James Wilson,James,Wilson,5/15/1988,M,Globalcare,
1084,PAT-1083,James Wilson,James,Wilson,8/14/1989,F,Globalcare,
1026,PAT-1025,James Wilson,James,Wilson,12/23/1989,F,Lifeguard,
1069,PAT-1068,James Wilson,James,Wilson,3/7/1990,F,Globalcare,
1159,PAT-1158,James Wilson,James,Wilson,5/23/1991,M,Uninsured,
1160,PAT-1159,James Wilson,James,Wilson,11/25/1991,M,Uninsured,
1085,PAT-1084,James Wilson,James,Wilson,12/1/1992,F,Globalcare,
1140,PAT-1139,James Wilson,James,Wilson,9/24/1993,U,Healthshield,
1249,PAT-1248,James Wilson,James,Wilson,8/3/1994,U,Globalcare,
1012,PAT-1011,James Wilson,James,Wilson,12/18/1995,F,Lifeguard,
1027,PAT-1026,James Wilson,James,Wilson,6/15/1996,F,Healthshield,
1089,PAT-1088,James Wilson,James,Wilson,1/3/1997,F,Medicare,
1230,PAT-1229,James Wilson,James,Wilson,2/10/2000,F,Uninsured,
1097,PAT-1096,James Wilson,James,Wilson,4/3/2000,F,Uninsured,
1201,PAT-1200,James Wilson,James,Wilson,11/1/2002,F,Uninsured,
1118,PAT-1117,James Wilson,James,Wilson,10/8/2005,F,Globalcare,
1034,PAT-1033,James Wilson,James,Wilson,2/8/2006,F,Uninsured,
1168,PAT-1167,James Wilson,James,Wilson,9/12/2006,U,Globalcare,
1077,PAT-1076,James Wilson,James,Wilson,12/17/2006,M,Uninsured,
1240,PAT-1239,James Wilson,James,Wilson,4/26/2007,F,Lifeguard,
1088,PAT-1087,James Wilson,James,Wilson,8/5/2008,M,Healthshield,
1063,PAT-1062,James Wilson,James,Wilson,9/11/2008,M,Lifeguard,
1066,PAT-1065,John Doe,John,Doe,9/26/1955,F,Uninsured,
1013,PAT-1012,John Doe,John,Doe,6/13/1957,M,Medicare,
1041,PAT-1040,John Doe,John,Doe,1/19/1958,M,Uninsured,
1169,PAT-1168,John Doe,John,Doe,8/12/1962,F,Uninsured,
1181,PAT-1180,John Doe,John,Doe,3/18/1964,U,Medicare,
1093,PAT-1092,John Doe,John,Doe,4/27/1970,M,Medicare,
1204,PAT-1203,John Doe,John,Doe,8/22/1972,F,Uninsured,
1086,PAT-1085,John Doe,John,Doe,7/28/1974,M,Uninsured,
1179,PAT-1178,John Doe,John,Doe,4/5/1976,F,Healthshield,
1044,PAT-1043,John Doe,John,Doe,11/19/1981,M,Lifeguard,
1099,PAT-1098,John Doe,John,Doe,11/12/1982,M,Uninsured,
1145,PAT-1144,John Doe,John,Doe,12/26/1985,F,Uninsured,
1049,PAT-1048,John Doe,John,Doe,5/22/1990,F,Lifeguard,
1250,PAT-1249,John Doe,John,Doe,4/23/1991,M,Globalcare,
1196,PAT-1195,John Doe,John,Doe,5/12/1993,M,Uninsured,
1199,PAT-1198,John Doe,John,Doe,12/9/1997,F,Lifeguard,
1237,PAT-1236,John Doe,John,Doe,12/8/1998,M,Lifeguard,
1003,PAT-1002,John Doe,John,Doe,11/23/2000,F,Medicare,
1164,PAT-1163,John Doe,John,Doe,3/3/2001,M,Uninsured,
1037,PAT-1036,John Doe,John,Doe,4/6/2003,F,Globalcare,
1053,PAT-1052,John Doe,John,Doe,3/21/2004,F,Uninsured,
1117,PAT-1116,John Doe,John,Doe,10/10/2006,F,Healthshield,
1241,PAT-1240,John Doe,John,Doe,6/18/2010,F,Uninsured,
1235,PAT-1234,John Doe,John,Doe,10/5/2011,F,Medicare,
1182,PAT-1181,Mary Smith,Mary,Smith,3/1/1956,U,Medicare,
1002,PAT-1001,Mary Smith,Mary,Smith,1/3/1957,F,Uninsured,
1167,PAT-1166,Mary Smith,Mary,Smith,3/25/1959,U,Uninsured,
1190,PAT-1189,Mary Smith,Mary,Smith,11/21/1962,F,Medicare,
1011,PAT-1010,Mary Smith,Mary,Smith,9/24/1965,F,Globalcare,
1017,PAT-1016,Mary Smith,Mary,Smith,11/14/1965,M,Globalcare,
1047,PAT-1046,Mary Smith,Mary,Smith,9/9/1968,M,Healthshield,
1120,PAT-1119,Mary Smith,Mary,Smith,11/7/1968,F,Healthshield,
1185,PAT-1184,Mary Smith,Mary,Smith,10/2/1969,U,Uninsured,
1082,PAT-1081,Mary Smith,Mary,Smith,5/11/1970,M,Healthshield,
1043,PAT-1042,Mary Smith,Mary,Smith,7/4/1970,F,Uninsured,
1123,PAT-1122,Mary Smith,Mary,Smith,11/19/1971,U,Medicare,
1001,PAT-1000,Mary Smith,Mary,Smith,4/8/1972,F,Healthshield,
1068,PAT-1067,Mary Smith,Mary,Smith,9/10/1974,F,Lifeguard,
1192,PAT-1191,Mary Smith,Mary,Smith,11/9/1975,F,Uninsured,
1157,PAT-1156,Mary Smith,Mary,Smith,10/10/1977,F,Uninsured,
1177,PAT-1176,Mary Smith,Mary,Smith,9/21/1978,M,Globalcare,
1007,PAT-1006,Mary Smith,Mary,Smith,2/18/1979,U,Uninsured,
1116,PAT-1115,Mary Smith,Mary,Smith,8/3/1980,F,Uninsured,
1232,PAT-1231,Mary Smith,Mary,Smith,9/12/1982,M,Lifeguard,
1221,PAT-1220,Mary Smith,Mary,Smith,1/2/1983,U,Lifeguard,
1187,PAT-1186,Mary Smith,Mary,Smith,2/3/1983,M,Medicare,
1103,PAT-1102,Mary Smith,Mary,Smith,4/25/1983,M,Uninsured,
1172,PAT-1171,Mary Smith,Mary,Smith,12/10/1984,F,Healthshield,
1184,PAT-1183,Mary Smith,Mary,Smith,8/25/1985,M,Uninsured,
1019,PAT-1018,Mary Smith,Mary,Smith,5/25/1989,M,Healthshield,
1057,PAT-1056,Mary Smith,Mary,Smith,7/20/1990,F,Medicare,
1211,PAT-1210,Mary Smith,Mary,Smith,7/19/1991,F,Uninsured,
1188,PAT-1187,Mary Smith,Mary,Smith,11/19/1994,F,Lifeguard,
1073,PAT-1072,Mary Smith,Mary,Smith,11/20/1997,M,Medicare,
1152,PAT-1151,Mary Smith,Mary,Smith,5/1/1999,M,Healthshield,
1050,PAT-1049,Mary Smith,Mary,Smith,9/5/2002,M,Uninsured,
1242,PAT-1241,Mary Smith,Mary,Smith,3/9/2003,M,Medicare,
1234,PAT-1233,Mary Smith,Mary,Smith,2/17/2005,U,Uninsured,
1125,PAT-1124,Mary Smith,Mary,Smith,5/20/2005,U,Uninsured,
1222,PAT-1221,Mary Smith,Mary,Smith,2/20/2009,M,Globalcare,
1149,PAT-1148,Mary Smith,Mary,Smith,11/28/2009,F,Lifeguard,
1009,PAT-1008,Mary Smith,Mary,Smith,2/13/2010,F,Uninsured,
1195,PAT-1194,Mary Smith,Mary,Smith,11/25/2010,U,Uninsured,
1075,PAT-1074,Mary Smith,Mary,Smith,11/19/2011,F,Uninsured,
1067,PAT-1066,Sarah Connor,Sarah,Connor,11/11/1959,M,Uninsured,
1024,PAT-1023,Sarah Connor,Sarah,Connor,2/24/1960,U,Healthshield,
1078,PAT-1077,Sarah Connor,Sarah,Connor,8/5/1962,F,Uninsured,
1048,PAT-1047,Sarah Connor,Sarah,Connor,8/27/1965,F,Lifeguard,
1051,PAT-1050,Sarah Connor,Sarah,Connor,11/21/1968,M,Globalcare,
1108,PAT-1107,Sarah Connor,Sarah,Connor,5/22/1970,M,Globalcare,
1062,PAT-1061,Sarah Connor,Sarah,Connor,2/25/1972,M,Uninsured,
1087,PAT-1086,Sarah Connor,Sarah,Connor,7/16/1972,F,Lifeguard,
1028,PAT-1027,Sarah Connor,Sarah,Connor,1/19/1976,F,Uninsured,
1202,PAT-1201,Sarah Connor,Sarah,Connor,6/6/1984,M,Uninsured,
1061,PAT-1060,Sarah Connor,Sarah,Connor,6/10/1984,F,Healthshield,
1197,PAT-1196,Sarah Connor,Sarah,Connor,4/28/1985,M,Uninsured,
1224,PAT-1223,Sarah Connor,Sarah,Connor,9/5/1985,F,Healthshield,
1155,PAT-1154,Sarah Connor,Sarah,Connor,3/8/1992,F,Lifeguard,
1071,PAT-1070,Sarah Connor,Sarah,Connor,10/21/1992,F,Globalcare,
1207,PAT-1206,Sarah Connor,Sarah,Connor,1/1/1993,M,Medicare,
1162,PAT-1161,Sarah Connor,Sarah,Connor,5/22/1994,U,Uninsured,
1094,PAT-1093,Sarah Connor,Sarah,Connor,2/19/1997,F,Uninsured,
1029,PAT-1028,Sarah Connor,Sarah,Connor,11/2/2000,M,Healthshield,
1106,PAT-1105,Sarah Connor,Sarah,Connor,7/16/2001,U,Medicare,
1022,PAT-1021,Sarah Connor,Sarah,Connor,3/18/2003,M,Uninsured,
1098,PAT-1097,Sarah Connor,Sarah,Connor,5/28/2004,M,Healthshield,
1180,PAT-1179,Sarah Connor,Sarah,Connor,4/11/2007,U,Uninsured,
1038,PAT-1037,Sarah Connor,Sarah,Connor,1/6/2012,M,Globalcare,
