invoice_id,patient_id,billing_date,amount_charged,payment_status
INV-50000,PAT-1000,19/04/2026,$1371.8038,
INV-50001,PAT-1249,2026-09-18,$2728.8285,
INV-50002,PAT-1099,2026-05-24,USD 2505.9764,Unpaid
INV-50003,PAT-1187,25/02/2026,$1011.7094,Overdue
INV-50004,PAT-1208,23/08/2026,$4340.6534,Paid
INV-50005,PAT-1183,02/08/2026,$1467.1782,Paid
INV-50006,PAT-1080,13/09/2026,$1812.6993,Unpaid
INV-50007,PAT-1073,28/01/2026,$1945.6552,PENDING
INV-50008,PAT-1227,13/08/2026,$6625.217,PENDING
INV-50009,PAT-1094,2026-09-09,USD 4977.585,
INV-50010,PAT-1210,2026-05-11,$655.3803,Overdue
INV-50011,PAT-1114,06/07/2026,USD 2468.9217,Overdue
INV-50012,PAT-1157,2026-05-21,$621.7937,Overdue
INV-50013,PAT-1131,2026-03-01,$5789.8232,PENDING
INV-50014,PAT-1008,25/04/2026,$2539.7564,Paid
INV-50015,PAT-1154,12/08/2026,USD 3086.1254,Unpaid
INV-50016,PAT-1135,21/06/2026,USD 1787.9682,
INV-50017,PAT-1047,2026-07-18,$1869.2336,PENDING
INV-50018,PAT-1054,23/05/2026,USD 1457.7414,Paid
INV-50019,PAT-1115,03/08/2026,$4581.8368,
INV-50020,PAT-1138,2026-05-28,$4875.5628,
INV-50021,PAT-1044,2026-09-08,$6701.4317,Unpaid
INV-50022,PAT-1202,18/06/2026,$3242.8879,Unpaid
INV-50023,PAT-1156,10/02/2026,$6798.0448,
INV-50024,PAT-1105,05/02/2026,$4411.4824,
INV-50025,PAT-1132,2026-09-21,USD 5249.4733,
INV-50026,PAT-1233,2026-02-17,$2152.128,
INV-50027,PAT-1057,2026-09-10,$1794.6061,
INV-50028,PAT-1070,2026-05-20,$3477.8143,
INV-50029,PAT-1039,2026-06-27,USD 5633.2846,Paid
INV-50030,PAT-1242,2026-05-21,$5243.9779,
INV-50031,PAT-1007,10/09/2026,$3346.6921,
INV-50032,PAT-1103,2026-02-23,$1176.5169,PENDING
INV-50033,PAT-1052,11/03/2026,$5025.1379,PENDING
INV-50034,PAT-1033,2026-09-18,$2252.2739,Overdue
INV-50035,PAT-1115,02/02/2026,$6435.9074,PENDING
INV-50036,PAT-1063,27/03/2026,$6358.1937,Unpaid
INV-50037,PAT-1195,15/09/2026,$5992.9452,Paid
INV-50038,PAT-1241,2026-08-08,USD 4017.3845,Overdue
INV-50039,PAT-1126,2026-08-10,$5779.8232,Overdue
INV-50040,PAT-1186,2026-07-12,$2796.4854,Unpaid
INV-50041,PAT-1092,13/02/2026,$5226.9106,
INV-50042,PAT-1174,04/03/2026,$2613.5582,
INV-50043,PAT-1240,07/03/2026,USD 3461.1454,Unpaid
INV-50044,PAT-1182,17/08/2026,$1115.4609,Unpaid
INV-50045,PAT-1083,06/06/2026,$6738.0608,Overdue
INV-50046,PAT-1151,18/09/2026,$4855.0591,Paid
INV-50047,PAT-1094,14/02/2026,$5443.0213,
INV-50048,PAT-9960,2026-05-21,$4939.6331,Unpaid
INV-50049,PAT-1134,2026-07-05,$331.3989,Paid
INV-50050,PAT-9940,05/07/2026,$4733.2144,
INV-50051,PAT-1235,2026-01-23,$3585.4335,
INV-50052,PAT-1122,06/06/2026,$6213.7174,Overdue
INV-50053,PAT-1173,20/05/2026,$1404.8727,
INV-50054,PAT-1076,25/05/2026,$4829.4145,PENDING
INV-50055,PAT-1081,26/09/2026,$2043.005,
INV-50056,PAT-1097,27/07/2026,$6497.5259,Overdue
INV-50057,PAT-1010,12/02/2026,$4502.5573,Unpaid
INV-50058,PAT-1051,18/05/2026,$1037.5177,
INV-50059,PAT-1061,2026-09-08,$471.1537,
INV-50060,PAT-1120,2026-03-01,$2838.7435,PENDING
INV-50061,PAT-1122,11/05/2026,$4435.2596,Paid
INV-50062,PAT-1166,2026-09-24,$6221.1029,Unpaid
INV-50063,PAT-1239,26/07/2026,$1365.1083,Overdue
INV-50064,PAT-9938,11/02/2026,$3155.6654,
INV-50065,PAT-1126,28/03/2026,$1943.1199,Overdue
INV-50066,PAT-1041,2026-05-23,$214.5859,Overdue
INV-50067,PAT-1145,06/04/2026,$5644.9988,Paid
INV-50068,PAT-1102,05/03/2026,$2282.2401,Overdue
INV-50069,PAT-1098,11/05/2026,$4011.4834,Overdue
INV-50070,PAT-1167,2026-04-02,$3229.4549,
INV-50071,PAT-1128,2026-05-23,$4387.2513,Overdue
INV-50072,PAT-1157,2026-03-16,$3159.8713,Overdue
INV-50073,PAT-1106,2026-08-25,$5209.9127,
INV-50074,PAT-1223,15/09/2026,$642.2457,Paid
INV-50075,PAT-1212,2026-09-07,$1219.6493,PENDING
INV-50076,PAT-1029,03/08/2026,$5522.7653,
INV-50077,PAT-1106,18/01/2026,$4614.7565,Paid
INV-50078,PAT-1101,2026-01-24,USD 3983.7638,Overdue
INV-50079,PAT-1179,03/01/2026,$332.4969,Unpaid
INV-50080,PAT-1196,12/07/2026,$3116.8402,PENDING
INV-50081,PAT-1096,05/09/2026,$912.9992,PENDING
INV-50082,PAT-1135,2026-04-27,$5171.9675,PENDING
INV-50083,PAT-1172,18/07/2026,$5620.7536,Overdue
INV-50084,PAT-1039,02/02/2026,$4228.3408,Paid
INV-50085,PAT-1061,2026-02-20,$3102.8379,Paid
INV-50086,PAT-1062,2026-07-15,$3726.2305,Paid
INV-50087,PAT-1035,08/05/2026,$3978.1761,Overdue
INV-50088,PAT-1060,2026-03-22,$2883.1856,
INV-50089,PAT-1242,21/03/2026,USD 3833.7214,Overdue
INV-50090,PAT-1241,26/07/2026,$4772.0142,Overdue
INV-50091,PAT-1096,2026-09-16,$5794.3098,
INV-50092,PAT-1036,18/01/2026,$6585.5537,Unpaid
INV-50093,PAT-1099,2026-04-11,$6281.2009,Paid
INV-50094,PAT-1137,02/04/2026,$2640.0764,Paid
INV-50095,PAT-1223,07/09/2026,$1515.9313,Overdue
INV-50096,PAT-1244,2026-04-07,$5109.84,Unpaid
INV-50097,PAT-1178,2026-04-13,$3808.5277,PENDING
INV-50098,PAT-1119,10/06/2026,$2523.016,PENDING
INV-50099,PAT-1025,25/08/2026,$6228.4563,PENDING
INV-50100,PAT-1011,2026-04-24,$228.853,
INV-50101,PAT-1148,2026-05-05,$2324.0826,Unpaid
INV-50102,PAT-1127,09/06/2026,$6577.0169,PENDING
INV-50103,PAT-1117,2026-06-06,$4932.3745,
INV-50104,PAT-1164,2026-09-02,$6434.5929,Paid
INV-50105,PAT-1105,2026-04-03,$181.5672,Overdue
INV-50106,PAT-1015,22/08/2026,$225.5921,PENDING
INV-50107,PAT-9992,18/05/2026,$235.0168,
INV-50108,PAT-1110,2026-03-04,$3623.5256,
INV-50109,PAT-1134,09/06/2026,$648.3683,PENDING
INV-50110,PAT-1144,2026-04-10,$4487.618,Paid
INV-50111,PAT-1023,18/07/2026,USD 495.3618,Unpaid
INV-50112,PAT-1021,21/07/2026,$3900.5637,Paid
INV-50113,PAT-1229,2026-01-08,$6141.2287,
INV-50114,PAT-1121,22/02/2026,$6128.1267,Paid
INV-50115,PAT-1045,2026-06-01,$4042.0479,
INV-50116,PAT-1210,2026-02-10,$3887.8818,PENDING
INV-50117,PAT-1173,2026-06-13,$5401.2248,Paid
INV-50118,PAT-1128,2026-06-02,$3040.3588,Overdue
INV-50119,PAT-1154,25/07/2026,$318.4068,PENDING
INV-50120,PAT-1125,13/09/2026,$1361.2752,PENDING
INV-50121,PAT-1021,2026-05-26,USD 4884.2433,Unpaid
INV-50122,PAT-1097,24/03/2026,USD 2235.9897,Paid
INV-50123,PAT-1241,25/06/2026,USD 803.4314,PENDING
INV-50124,PAT-1114,2026-09-14,$295.9361,Paid
INV-50125,PAT-1152,28/06/2026,$202.9384,Paid
INV-50126,PAT-1185,2026-04-19,$4698.5822,Overdue
INV-50127,PAT-1077,2026-03-03,$3024.2461,PENDING
INV-50128,PAT-1200,08/05/2026,$4087.2752,Paid
INV-50129,PAT-1034,11/07/2026,$5491.9318,Overdue
INV-50130,PAT-1110,10/03/2026,$4150.1021,PENDING
INV-50131,PAT-1080,11/07/2026,$5029.6445,
INV-50132,PAT-1200,09/07/2026,$2558.895,Unpaid
INV-50133,PAT-1151,2026-03-22,$6486.8091,
INV-50134,PAT-1053,2026-05-27,$5591.3947,PENDING
INV-50135,PAT-1172,08/05/2026,$4520.5333,PENDING
INV-50136,PAT-1018,19/08/2026,$3690.2078,
INV-50137,PAT-1107,2026-06-23,$851.1151,
INV-50138,PAT-1090,19/01/2026,$6579.0401,PENDING
INV-50139,PAT-9933,2026-04-17,$3098.4122,
INV-50140,PAT-1150,2026-03-12,$3345.5315,Paid
INV-50141,PAT-1029,12/03/2026,$2412.2712,
INV-50142,PAT-1123,15/02/2026,$2250.895,
INV-50143,PAT-9943,2026-02-22,$6332.6144,
INV-50144,PAT-1044,18/06/2026,$6523.2699,PENDING
INV-50145,PAT-1161,2026-07-13,$5046.4387,PENDING
INV-50146,PAT-1151,2026-01-23,$1495.1918,Paid
INV-50147,PAT-1147,06/09/2026,$2298.1607,Overdue
INV-50148,PAT-1171,21/09/2026,$4108.4144,
INV-50149,PAT-1029,2026-08-20,$5556.475,Overdue
INV-50150,PAT-1235,2026-02-22,$2212.6591,Paid
INV-50151,PAT-1046,17/03/2026,USD 2914.4418,PENDING
INV-50152,PAT-1108,2026-09-23,$3827.4547,Unpaid
INV-50153,PAT-1047,2026-08-20,$5902.4049,PENDING
INV-50154,PAT-1034,18/07/2026,$2853.6197,
INV-50155,PAT-1215,2026-03-03,$5437.1833,Paid
INV-50156,PAT-1070,06/05/2026,$3899.1865,PENDING
INV-50157,PAT-1140,09/02/2026,$3741.4853,
INV-50158,PAT-1112,2026-07-04,$2109.2701,PENDING
INV-50159,PAT-1067,2026-02-15,$5301.9133,
INV-50160,PAT-1150,2026-07-06,$5363.4896,Paid
INV-50161,PAT-1145,2026-05-20,$2282.5871,Overdue
INV-50162,PAT-1146,2026-09-22,$1026.2678,PENDING
INV-50163,PAT-1235,2026-05-28,USD 4806.2046,Unpaid
INV-50164,PAT-1182,25/04/2026,$3390.2067,Overdue
INV-50165,PAT-1160,2026-08-03,$2811.6439,
INV-50166,PAT-1239,16/08/2026,$4008.1085,
INV-50167,PAT-1023,21/08/2026,$5799.4222,PENDING
INV-50168,PAT-1055,16/04/2026,$2277.3199,
INV-50169,PAT-1147,26/08/2026,$6093.6767,Paid
INV-50170,PAT-1025,2026-08-01,$6329.344,PENDING
INV-50171,PAT-1000,2026-07-07,$6013.4676,Overdue
INV-50172,PAT-1023,03/05/2026,$4559.585,Paid
INV-50173,PAT-1101,2026-04-14,USD 4821.3788,PENDING
INV-50174,PAT-1019,17/04/2026,$182.5391,Paid
INV-50175,PAT-1220,2026-03-16,USD 1649.9223,Paid
INV-50176,PAT-1026,05/05/2026,$5287.4094,Unpaid
INV-50177,PAT-1164,2026-03-03,$4197.5851,Overdue
INV-50178,PAT-1184,14/03/2026,USD 5865.2647,Paid
INV-50179,PAT-1035,12/07/2026,USD 2221.4631,Overdue
INV-50180,PAT-1165,20/09/2026,$5324.212,
INV-50181,PAT-1224,2026-09-20,$5116.2825,Paid
INV-50182,PAT-1200,16/04/2026,$873.6559,
INV-50183,PAT-1018,12/01/2026,$1002.1786,
INV-50184,PAT-1107,25/03/2026,$6496.4845,Paid
INV-50185,PAT-1150,2026-05-07,$6283.5603,PENDING
INV-50186,PAT-1129,25/09/2026,$2950.0885,
INV-50187,PAT-1137,2026-03-09,$2190.7555,Unpaid
INV-50188,PAT-1249,11/09/2026,$4038.0469,
INV-50189,PAT-1174,23/05/2026,$4996.8045,Paid
INV-50190,PAT-1062,04/07/2026,USD 4210.7957,
INV-50191,PAT-1189,2026-03-04,$4849.453,Unpaid
INV-50192,PAT-1127,17/09/2026,USD 1235.8543,Overdue
INV-50193,PAT-1187,11/01/2026,USD 1937.3984,
INV-50194,PAT-1249,16/02/2026,USD 3532.6507,
INV-50195,PAT-1042,2026-05-25,$6094.4366,Paid
INV-50196,PAT-1058,2026-01-02,$1754.1648,PENDING
INV-50197,PAT-1235,18/01/2026,$1620.3184,
INV-50198,PAT-1081,19/02/2026,$918.1281,Paid
INV-50199,PAT-1045,02/09/2026,$580.9458,Overdue
INV-50200,PAT-1198,03/06/2026,$173.7361,
INV-50201,PAT-1200,15/04/2026,$4073.1434,Unpaid
INV-50202,PAT-1187,2026-04-05,USD 6349.1486,
INV-50203,PAT-1088,2026-01-11,$5190.3365,
INV-50204,PAT-1186,2026-04-17,$2924.9748,Unpaid
INV-50205,PAT-1182,08/01/2026,$4802.3326,
INV-50206,PAT-1021,05/09/2026,$620.3863,PENDING
INV-50207,PAT-1169,10/04/2026,$5804.8163,PENDING
INV-50208,PAT-1179,11/06/2026,USD 1937.2332,Unpaid
INV-50209,PAT-1034,2026-02-05,$1218.566,PENDING
INV-50210,PAT-1030,15/04/2026,$3215.7711,Paid
INV-50211,PAT-1040,2026-05-27,$1556.8926,Unpaid
INV-50212,PAT-1023,2026-06-13,$4644.2543,Unpaid
INV-50213,PAT-1007,2026-08-18,USD 753.2885,Unpaid
INV-50214,PAT-9999,2026-04-05,$5622.8443,
INV-50215,PAT-1240,2026-05-27,USD 266.1307,
INV-50216,PAT-1113,28/02/2026,$939.0154,Paid
INV-50217,PAT-1043,27/07/2026,$3434.7483,PENDING
INV-50218,PAT-1044,09/03/2026,USD 3099.9679,
INV-50219,PAT-1158,16/05/2026,$6017.6816,Paid
INV-50220,PAT-1071,2026-07-07,$4334.097,Paid
INV-50221,PAT-1097,16/06/2026,$2418.7339,Overdue
INV-50222,PAT-1099,2026-01-11,$316.2544,Overdue
INV-50223,PAT-1014,17/08/2026,$5243.1974,Unpaid
INV-50224,PAT-1025,2026-04-09,$5224.5432,
INV-50225,PAT-1216,2026-07-12,$1296.8945,
INV-50226,PAT-1178,23/01/2026,$6450.4292,
INV-50227,PAT-1242,18/08/2026,USD 1293.2631,Paid
INV-50228,PAT-1059,17/01/2026,$125.0659,Unpaid
INV-50229,PAT-1206,26/03/2026,USD 518.3487,
INV-50230,PAT-1234,28/02/2026,$6537.2726,
INV-50231,PAT-1101,10/06/2026,$1032.0313,PENDING
INV-50232,PAT-1202,21/08/2026,$1284.2174,
INV-50233,PAT-1227,2026-06-08,$2648.2004,Overdue
INV-50234,PAT-1032,23/01/2026,$5803.7692,
INV-50235,PAT-1008,2026-06-26,USD 4393.5004,PENDING
INV-50236,PAT-1036,08/02/2026,$6683.0417,Paid
INV-50237,PAT-1210,2026-06-15,$1892.1854,Paid
INV-50238,PAT-1089,2026-02-24,$442.1371,PENDING
INV-50239,PAT-1248,16/07/2026,$2466.812,PENDING
INV-50240,PAT-1201,06/04/2026,$612.8971,Overdue
INV-50241,PAT-1005,03/02/2026,$1256.8453,
INV-50242,PAT-1019,11/02/2026,$4826.7672,
INV-50243,PAT-1042,2026-07-06,$796.9275,Unpaid
INV-50244,PAT-1104,09/09/2026,USD 2107.2107,PENDING
INV-50245,PAT-1146,2026-08-05,$2530.9274,Overdue
INV-50246,PAT-1210,2026-08-07,$292.4209,Overdue
INV-50247,PAT-1020,10/02/2026,$3266.5267,Overdue
INV-50248,PAT-1023,06/07/2026,$6035.8126,PENDING
INV-50249,PAT-1011,2026-08-09,$5712.3953,Unpaid
INV-50250,PAT-1192,03/02/2026,$5519.3455,
INV-50251,PAT-1058,27/07/2026,$6571.1345,PENDING
INV-50252,PAT-1146,2026-08-10,$2757.8919,Paid
INV-50253,PAT-1128,2026-09-26,$924.013,Unpaid
INV-50254,PAT-1242,2026-04-26,$963.454,
INV-50255,PAT-1111,27/03/2026,$2256.5065,Paid
INV-50256,PAT-1022,18/07/2026,$5842.9637,Paid
INV-50257,PAT-1201,26/09/2026,USD 872.154,
INV-50258,PAT-1150,2026-02-04,$5369.4772,Overdue
INV-50259,PAT-1224,21/07/2026,$3941.7582,Unpaid
INV-50260,PAT-1070,02/07/2026,$6063.0781,Unpaid
INV-50261,PAT-1012,2026-05-12,$2377.5299,Overdue
INV-50262,PAT-1071,2026-02-28,$1018.2289,PENDING
INV-50263,PAT-1198,24/05/2026,USD 4161.9118,PENDING
INV-50264,PAT-1054,24/07/2026,$5194.1051,Paid
INV-50265,PAT-1131,10/02/2026,$1026.6747,
INV-50266,PAT-1007,2026-04-27,$1787.1573,Overdue
INV-50267,PAT-1180,27/06/2026,$3494.8705,Paid
INV-50268,PAT-9947,20/08/2026,$1306.8035,
INV-50269,PAT-1141,27/03/2026,$5123.7476,Overdue
INV-50270,PAT-1007,2026-03-28,$5846.217,
INV-50271,PAT-1052,2026-07-17,$5896.4441,
INV-50272,PAT-1002,2026-03-21,USD 4136.2785,Overdue
INV-50273,PAT-1155,23/05/2026,$2951.6354,Overdue
INV-50274,PAT-1117,10/08/2026,USD 4025.0203,
INV-50275,PAT-1247,18/06/2026,USD 2114.3938,Paid
INV-50276,PAT-1086,28/06/2026,$1865.0266,
INV-50277,PAT-1076,2026-09-25,$6130.6344,
INV-50278,PAT-1103,2026-03-24,$4498.7397,Overdue
INV-50279,PAT-1232,2026-07-24,$4015.2441,Unpaid
INV-50280,PAT-1087,22/04/2026,$6176.3237,
INV-50281,PAT-1076,06/09/2026,USD 772.5129,Overdue
INV-50282,PAT-1185,22/03/2026,$4492.287,Unpaid
INV-50283,PAT-1190,26/07/2026,$2603.4316,PENDING
INV-50284,PAT-1217,2026-01-28,$3275.0455,Paid
INV-50285,PAT-1222,10/09/2026,$481.6475,Unpaid
INV-50286,PAT-1051,05/08/2026,$5881.5071,Paid
INV-50287,PAT-1124,2026-03-11,$151.9874,Unpaid
INV-50288,PAT-1147,2026-08-26,$984.9641,PENDING
INV-50289,PAT-1103,2026-08-13,$372.5146,Overdue
INV-50290,PAT-9941,2026-09-07,$4641.3468,Unpaid
INV-50291,PAT-1057,2026-06-10,$806.6166,Overdue
INV-50292,PAT-1042,10/01/2026,$3166.2017,
INV-50293,PAT-1086,11/03/2026,$2520.3857,PENDING
INV-50294,PAT-1004,2026-03-07,$4059.7956,Overdue
INV-50295,PAT-1182,13/01/2026,$5272.6406,
INV-50296,PAT-1012,2026-01-02,$2904.665,
INV-50297,PAT-1064,2026-03-07,$2132.0332,
INV-50298,PAT-1133,2026-03-14,$3538.0143,Overdue
INV-50299,PAT-1029,2026-08-07,$5317.4601,Unpaid
INV-50300,PAT-1091,2026-05-06,$3782.204,
INV-50301,PAT-1238,2026-04-01,$4607.1772,
INV-50302,PAT-1171,2026-02-25,USD 4954.0859,Overdue
INV-50303,PAT-1164,09/05/2026,$455.0482,Paid
INV-50304,PAT-1218,2026-06-14,$755.1135,Paid
INV-50305,PAT-1002,11/03/2026,$6096.1681,Overdue
INV-50306,PAT-1224,27/06/2026,$1342.1134,PENDING
INV-50307,PAT-1069,26/08/2026,$4454.9567,Paid
INV-50308,PAT-1033,2026-01-28,$813.3295,PENDING
INV-50309,PAT-1205,06/08/2026,$5325.5123,
INV-50310,PAT-1225,16/03/2026,$874.9506,Paid
INV-50311,PAT-1016,2026-06-01,$6653.0868,Overdue
INV-50312,PAT-1132,2026-02-14,$3339.9107,
INV-50313,PAT-1098,2026-09-20,$198.2906,
INV-50314,PAT-1217,2026-08-28,$620.6185,Unpaid
INV-50315,PAT-1084,2026-01-17,$3797.948,Unpaid
INV-50316,PAT-1020,03/08/2026,USD 3107.0268,PENDING
INV-50317,PAT-1190,13/02/2026,$359.8663,Paid
INV-50318,PAT-1202,2026-05-17,$4493.3648,Overdue
INV-50319,PAT-1093,28/04/2026,$2338.1601,
INV-50320,PAT-1121,23/06/2026,$882.2045,Unpaid
INV-50321,PAT-1000,18/05/2026,USD 4810.6772,Unpaid
INV-50322,PAT-1126,04/07/2026,$4201.1425,PENDING
INV-50323,PAT-1055,23/04/2026,$840.4021,
INV-50324,PAT-1214,25/02/2026,$3175.9654,
INV-50325,PAT-1034,2026-01-17,$3816.1902,
INV-50326,PAT-1123,2026-03-23,USD 5000.387,PENDING
INV-50327,PAT-1168,17/06/2026,$2917.2852,
INV-50328,PAT-1195,11/07/2026,USD 3145.6225,PENDING
INV-50329,PAT-1154,10/09/2026,$4875.9987,
INV-50330,PAT-1055,22/05/2026,USD 6274.2913,
INV-50331,PAT-1166,17/03/2026,$4865.8338,
INV-50332,PAT-1122,22/07/2026,$5982.2673,Paid
INV-50333,PAT-1133,2026-07-05,$4597.9655,Unpaid
INV-50334,PAT-1073,2026-03-27,$4733.8462,
INV-50335,PAT-1008,2026-08-04,$5080.0027,Unpaid
INV-50336,PAT-1130,2026-05-23,$6309.6502,
INV-50337,PAT-1080,01/01/2026,$1477.1734,PENDING
INV-50338,PAT-1212,2026-06-25,$5305.3543,Overdue
INV-50339,PAT-1114,2026-02-06,USD 5031.0147,Paid
INV-50340,PAT-1109,2026-05-05,$4021.6729,Overdue
INV-50341,PAT-1119,2026-03-02,$6323.9688,
INV-50342,PAT-1157,16/05/2026,$607.3619,
INV-50343,PAT-1056,2026-09-03,$2899.0247,Paid
INV-50344,PAT-1089,22/04/2026,$2332.1072,
INV-50345,PAT-1135,2026-09-27,$886.8713,Unpaid
INV-50346,PAT-1231,02/04/2026,$2668.1644,Paid
INV-50347,PAT-1098,01/05/2026,$3556.2131,PENDING
INV-50348,PAT-1011,2026-04-11,$6454.792,
INV-50349,PAT-9908,2026-04-22,$5898.588,Paid
INV-50350,PAT-1052,2026-07-21,$5109.9174,PENDING
INV-50351,PAT-1183,2026-02-03,$1309.5322,Paid
INV-50352,PAT-1147,14/05/2026,$3134.1322,Overdue
INV-50353,PAT-1004,2026-02-18,$4405.3643,
INV-50354,PAT-1149,2026-02-12,$2056.6809,
INV-50355,PAT-1022,13/08/2026,USD 5612.483,Unpaid
INV-50356,PAT-1136,26/07/2026,USD 6534.4369,
INV-50357,PAT-1227,2026-06-01,USD 943.7417,
INV-50358,PAT-1100,2026-02-10,$5119.3083,Overdue
INV-50359,PAT-1054,2026-09-05,$1349.6174,Overdue
INV-50360,PAT-1049,28/01/2026,USD 4427.0869,
INV-50361,PAT-1017,24/04/2026,$6477.0245,
INV-50362,PAT-1167,2026-05-20,$6133.5172,PENDING
INV-50363,PAT-1084,2026-05-23,$3898.5288,Overdue
INV-50364,PAT-1245,2026-01-11,$5368.906,
INV-50365,PAT-1111,05/06/2026,$5984.9968,Overdue
INV-50366,PAT-1198,2026-09-04,USD 4432.9461,Overdue
INV-50367,PAT-1219,07/09/2026,$5020.7614,
INV-50368,PAT-1019,2026-09-21,$5549.1544,
INV-50369,PAT-1054,09/09/2026,USD 4488.7698,PENDING
INV-50370,PAT-1057,05/05/2026,USD 3468.1281,Overdue
INV-50371,PAT-9930,2026-03-25,$3101.3641,
INV-50372,PAT-1168,24/03/2026,USD 6394.4255,PENDING
INV-50373,PAT-1059,2026-06-08,$4586.819,Overdue
INV-50374,PAT-1099,2026-08-02,$6671.0849,
INV-50375,PAT-1247,27/05/2026,$3985.9026,PENDING
INV-50376,PAT-1167,17/02/2026,$2634.4703,
INV-50377,PAT-1103,16/06/2026,USD 6047.0304,Unpaid
INV-50378,PAT-1112,17/02/2026,$1533.4871,Overdue
INV-50379,PAT-1154,2026-02-22,$2890.2231,Paid
INV-50380,PAT-1123,2026-08-07,$4444.3535,Unpaid
INV-50381,PAT-1011,2026-03-05,USD 6071.2511,Unpaid
INV-50382,PAT-1066,2026-09-13,$5989.1596,Overdue
INV-50383,PAT-1242,20/08/2026,$5914.2969,PENDING
INV-50384,PAT-1153,20/03/2026,$1240.9229,PENDING
INV-50385,PAT-1152,13/04/2026,USD 1003.7172,
INV-50386,PAT-1220,2026-07-27,$4165.465,
INV-50387,PAT-9968,2026-09-25,$743.0323,
INV-50388,PAT-1138,17/07/2026,USD 2594.714,
INV-50389,PAT-1109,26/08/2026,$2462.0466,
INV-50390,PAT-1147,09/03/2026,$5236.6289,Paid
INV-50391,PAT-1072,14/09/2026,$1383.2076,Paid
INV-50392,PAT-1147,01/09/2026,$4493.0317,Overdue
INV-50393,PAT-1104,14/03/2026,$1866.0687,
INV-50394,PAT-1093,2026-07-25,$2880.9674,PENDING
INV-50395,PAT-1045,16/09/2026,$6723.9823,
INV-50396,PAT-1101,2026-02-24,$3103.8654,Unpaid
INV-50397,PAT-1025,26/07/2026,$5470.4032,
INV-50398,PAT-1180,2026-07-21,$5493.8884,PENDING
INV-50399,PAT-1237,03/02/2026,USD 1601.9807,Paid
