telemetry_id,patient_id,admission_timestamp,doctor_seen_timestamp,blood_pressure,readmitted
TEL-80000,PAT-1185,2026-07-13 19:41:33,2026-07-13 20:18:33,130/95,
TEL-80001,PAT-1112,2026-01-07 21:59:51,2026-01-07 23:46:51,ERR_LOG,No
TEL-80002,PAT-1157,2026-03-22 01:23:15,2026-03-22 02:51:15,120/90,
TEL-80003,PAT-1090,2026-07-13 18:12:33,,150/80,Yes
TEL-80004,PAT-1140,2026-05-24 17:58:37,2026-05-24 20:27:37,ERR_LOG,No
TEL-80005,PAT-1116,2026-07-19 00:16:11,2026-07-19 01:18:11,ERR_LOG,  
TEL-80006,PAT-1087,2026-02-26 16:16:56,2026-02-26 21:18:56,140/95,
TEL-80007,PAT-1247,2026-07-19 15:49:15,2026-07-19 19:51:15,150/75,Yes
TEL-80008,PAT-1123,2026-02-09 02:24:40,2026-02-09 04:24:40,150/95,No
TEL-80009,PAT-1204,2026-06-14 11:33:34,,140/85,  
TEL-80010,PAT-1023,2026-07-22 23:52:21,,130/75,  
TEL-80011,PAT-1090,2026-04-19 08:11:47,2026-04-19 09:56:47,110/95,No
TEL-80012,PAT-1060,2026-04-28 08:13:14,2026-04-28 10:28:14,ERR_LOG,No
TEL-80013,PAT-1199,2026-02-04 02:43:42,2026-02-04 02:54:42,ERR_LOG,
TEL-80014,PAT-1095,2026-06-16 18:55:17,2026-06-16 23:24:17,140/75,No
TEL-80015,PAT-1192,2026-03-02 16:51:27,2026-03-02 21:35:27,ERR_LOG,  
TEL-80016,PAT-1100,2026-03-15 03:44:33,2026-03-15 03:56:33,120/95,No
TEL-80017,PAT-1097,2026-02-11 11:39:55,2026-02-11 16:27:55,140/85,  
TEL-80018,PAT-1120,2026-06-12 05:31:27,2026-06-12 08:49:27,140/75,  
TEL-80019,PAT-1115,2026-03-19 04:36:43,2026-03-19 05:35:43,150/90,No
TEL-80020,PAT-1142,2026-07-28 12:12:09,2026-07-28 13:36:09,110/80,No
TEL-80021,PAT-1107,2026-08-05 20:33:34,2026-08-06 00:50:34,140/90,Yes
TEL-80022,PAT-1101,2026-02-23 05:03:13,2026-02-23 09:14:13,150/80,
TEL-80023,PAT-1190,2026-06-09 11:23:35,2026-06-09 13:42:35,140/80,
TEL-80024,PAT-1031,2026-06-28 21:38:12,2026-06-29 02:21:12,130/90,  
TEL-80025,PAT-1083,2026-09-16 23:28:56,,ERR_LOG,
TEL-80026,PAT-1161,2026-03-28 05:40:51,2026-03-28 09:23:51,ERR_LOG,
TEL-80027,PAT-1217,2026-02-03 05:21:14,2026-02-03 07:58:14,150/90,
TEL-80028,PAT-1069,2026-08-25 11:47:37,2026-08-25 15:45:37,110/85,No
TEL-80029,PAT-1218,2026-01-05 23:15:42,2026-01-06 00:03:42,130/85,
TEL-80030,PAT-1026,2026-02-03 15:35:03,,ERR_LOG,Yes
TEL-80031,PAT-1026,2026-05-20 04:05:41,2026-05-20 07:32:41,140/85,No
TEL-80032,PAT-1188,2026-05-15 20:08:08,2026-05-15 21:43:08,120/80,  
TEL-80033,PAT-1220,2026-06-28 15:29:55,2026-06-28 17:56:55,ERR_LOG,No
TEL-80034,PAT-1248,2026-09-06 18:38:29,2026-09-06 23:34:29,ERR_LOG,  
TEL-80035,PAT-1232,2026-06-16 17:14:51,,140/90,
TEL-80036,PAT-1066,2026-03-10 00:00:33,2026-03-10 01:17:33,140/90,
TEL-80037,PAT-1136,2026-01-23 15:48:30,2026-01-23 19:36:30,ERR_LOG,No
TEL-80038,PAT-1203,2026-01-18 11:12:26,2026-01-18 15:03:26,110/85,No
TEL-80039,PAT-1183,2026-07-27 12:14:16,,150/85,  
TEL-80040,PAT-1072,2026-09-26 08:26:12,2026-09-26 10:07:12,130/90,Yes
TEL-80041,PAT-1163,2026-08-20 14:17:44,2026-08-20 16:01:44,140/80,No
TEL-80042,PAT-1012,2026-09-01 05:06:18,2026-09-01 08:58:18,150/80,No
TEL-80043,PAT-1023,2026-03-01 15:13:21,2026-03-01 19:36:21,140/75,Yes
TEL-80044,PAT-1084,2026-02-27 04:03:17,2026-02-27 04:47:17,ERR_LOG,No
TEL-80045,PAT-1049,2026-05-27 12:53:00,,150/85,
TEL-80046,PAT-1197,2026-08-08 23:02:12,2026-08-08 23:58:12,ERR_LOG,No
TEL-80047,PAT-1121,2026-07-22 09:59:20,,150/80,Yes
TEL-80048,PAT-1064,2026-08-21 09:12:23,2026-08-21 11:11:23,120/85,
TEL-80049,PAT-1083,2026-01-06 08:37:07,2026-01-06 10:49:07,120/80,
TEL-80050,PAT-1176,2026-03-12 02:15:10,2026-03-12 05:16:10,150/80,Yes
TEL-80051,PAT-1091,2026-03-23 17:50:06,,130/90,  
TEL-80052,PAT-1206,2026-08-24 06:01:44,2026-08-24 07:17:44,140/80,
TEL-80053,PAT-1180,2026-08-18 09:34:44,2026-08-18 14:32:44,ERR_LOG,  
TEL-80054,PAT-1082,2026-08-09 19:58:55,2026-08-09 20:41:55,ERR_LOG,
TEL-80055,PAT-1075,2026-05-18 11:29:00,2026-05-18 15:56:00,110/95,No
TEL-80056,PAT-1226,2026-01-20 11:49:39,2026-01-20 12:29:39,ERR_LOG,
TEL-80057,PAT-1048,2026-09-22 15:49:35,,140/90,
TEL-80058,PAT-1164,2026-06-04 03:33:42,,130/85,Yes
TEL-80059,PAT-1051,2026-02-16 06:06:02,2026-02-16 09:32:02,150/75,  
TEL-80060,PAT-1012,2026-06-08 19:45:04,,130/95,
TEL-80061,PAT-1237,2026-02-15 20:03:23,2026-02-15 23:43:23,140/95,Yes
TEL-80062,PAT-1210,2026-05-17 01:46:04,2026-05-17 02:33:04,ERR_LOG,Yes
TEL-80063,PAT-1025,2026-04-18 12:12:12,2026-04-18 14:27:12,ERR_LOG,No
TEL-80064,PAT-1142,2026-09-14 23:06:49,2026-09-15 02:17:49,150/75,
TEL-80065,PAT-1226,2026-02-06 05:35:25,2026-02-06 07:03:25,ERR_LOG,
TEL-80066,PAT-1238,2026-06-11 17:20:54,2026-06-11 21:08:54,150/90,No
TEL-80067,PAT-1144,2026-09-07 12:49:35,2026-09-07 15:07:35,140/75,
TEL-80068,PAT-1245,2026-07-01 23:02:18,2026-07-02 03:35:18,130/90,Yes
TEL-80069,PAT-1076,2026-04-07 10:01:49,2026-04-07 12:30:49,ERR_LOG,No
TEL-80070,PAT-1024,2026-01-15 11:09:08,2026-01-15 16:15:08,130/85,  
TEL-80071,PAT-1207,2026-05-03 18:25:36,2026-05-03 19:12:36,150/90,
TEL-80072,PAT-1044,2026-08-27 22:44:36,2026-08-27 23:40:36,ERR_LOG,  
TEL-80073,PAT-1009,2026-07-03 01:58:49,2026-07-03 05:48:49,110/80,No
TEL-80074,PAT-1191,2026-01-21 20:24:03,2026-01-21 20:53:03,ERR_LOG,No
TEL-80075,PAT-1083,2026-09-23 07:09:03,2026-09-23 10:38:03,ERR_LOG,Yes
TEL-80076,PAT-1056,2026-07-10 12:09:08,2026-07-10 16:20:08,ERR_LOG,Yes
TEL-80077,PAT-1140,2026-07-09 02:25:32,2026-07-09 03:39:32,130/75,No
TEL-80078,PAT-1124,2026-07-21 18:12:35,2026-07-21 22:48:35,130/85,Yes
TEL-80079,PAT-1068,2026-07-11 21:59:36,,150/75,
TEL-80080,PAT-1093,2026-06-07 10:22:38,2026-06-07 13:06:38,130/90,
TEL-80081,PAT-1159,2026-03-15 01:59:52,2026-03-15 05:18:52,130/95,Yes
TEL-80082,PAT-1028,2026-01-08 19:59:09,2026-01-08 22:34:09,120/90,Yes
TEL-80083,PAT-1078,2026-08-16 00:21:13,2026-08-16 02:17:13,ERR_LOG,  
TEL-80084,PAT-1140,2026-08-20 23:09:44,2026-08-20 23:26:44,ERR_LOG,Yes
TEL-80085,PAT-1065,2026-03-02 09:12:50,2026-03-02 11:38:50,120/75,Yes
TEL-80086,PAT-1017,2026-07-22 08:42:54,2026-07-22 11:54:54,120/80,  
TEL-80087,PAT-1222,2026-07-08 12:32:45,,140/75,Yes
TEL-80088,PAT-1047,2026-04-17 14:35:59,2026-04-17 15:03:59,ERR_LOG,  
TEL-80089,PAT-1085,2026-08-13 23:10:01,2026-08-14 02:18:01,140/95,  
TEL-80090,PAT-1060,2026-09-09 01:40:16,2026-09-09 02:03:16,ERR_LOG,No
TEL-80091,PAT-1038,2026-06-13 21:08:05,2026-06-14 01:42:05,ERR_LOG,No
TEL-80092,PAT-1106,2026-04-19 04:27:19,2026-04-19 07:23:19,ERR_LOG,No
TEL-80093,PAT-1052,2026-03-19 17:43:51,2026-03-19 19:01:51,140/95,No
TEL-80094,PAT-1110,2026-03-21 18:58:10,2026-03-21 23:51:10,ERR_LOG,Yes
TEL-80095,PAT-1047,2026-06-27 04:46:01,2026-06-27 08:25:01,110/90,
TEL-80096,PAT-1190,2026-05-05 06:06:08,2026-05-05 08:30:08,ERR_LOG,No
TEL-80097,PAT-1152,2026-04-08 21:01:22,,110/85,
TEL-80098,PAT-1182,2026-06-06 12:31:30,,130/85,Yes
TEL-80099,PAT-1104,2026-01-09 13:14:47,2026-01-09 15:05:47,130/80,No
TEL-80100,PAT-1237,2026-08-28 19:31:44,2026-08-28 23:33:44,130/75,
TEL-80101,PAT-1198,2026-01-20 23:52:24,2026-01-21 03:21:24,ERR_LOG,Yes
TEL-80102,PAT-1133,2026-02-15 14:52:56,,ERR_LOG,
TEL-80103,PAT-1188,2026-01-18 12:33:48,2026-01-18 13:06:48,130/90,
TEL-80104,PAT-1101,2026-05-25 09:29:10,2026-05-25 10:04:10,ERR_LOG,No
TEL-80105,PAT-1118,2026-08-03 23:32:07,,ERR_LOG,No
TEL-80106,PAT-1100,2026-07-11 14:01:11,2026-07-11 15:52:11,110/80,  
TEL-80107,PAT-1082,2026-03-23 23:07:05,,110/95,  
TEL-80108,PAT-1021,2026-09-23 12:46:50,2026-09-23 14:15:50,ERR_LOG,
TEL-80109,PAT-1011,2026-03-11 18:55:42,2026-03-11 20:26:42,130/85,Yes
TEL-80110,PAT-1107,2026-05-10 23:49:28,2026-05-11 01:29:28,120/85,No
TEL-80111,PAT-1000,2026-05-01 14:31:54,2026-05-01 14:41:54,ERR_LOG,No
TEL-80112,PAT-1055,2026-08-15 13:28:05,2026-08-15 13:39:05,ERR_LOG,  
TEL-80113,PAT-1158,2026-09-27 06:03:11,,150/90,Yes
TEL-80114,PAT-1037,2026-01-22 18:53:38,2026-01-22 19:45:38,120/80,
TEL-80115,PAT-1045,2026-03-22 09:39:42,2026-03-22 14:40:42,ERR_LOG,
TEL-80116,PAT-1191,2026-06-02 02:49:19,2026-06-02 06:11:19,120/75,Yes
TEL-80117,PAT-1074,2026-08-05 03:44:55,2026-08-05 08:21:55,ERR_LOG,No
TEL-80118,PAT-1178,2026-04-20 01:06:36,2026-04-20 05:44:36,120/75,  
TEL-80119,PAT-1109,2026-06-09 16:36:39,2026-06-09 17:50:39,ERR_LOG,
TEL-80120,PAT-1133,2026-08-16 05:56:39,2026-08-16 08:32:39,130/80,Yes
TEL-80121,PAT-1006,2026-08-21 03:47:54,2026-08-21 07:27:54,110/80,  
TEL-80122,PAT-1089,2026-09-26 20:13:00,2026-09-26 22:45:00,140/80,  
TEL-80123,PAT-1076,2026-09-18 10:49:00,,140/90,
TEL-80124,PAT-1185,2026-01-27 05:12:21,2026-01-27 09:25:21,110/80,No
TEL-80125,PAT-1123,2026-03-21 14:57:55,2026-03-21 17:56:55,110/75,Yes
TEL-80126,PAT-1213,2026-09-10 18:46:43,2026-09-10 23:28:43,120/85,  
TEL-80127,PAT-1204,2026-06-03 04:17:53,,110/95,No
TEL-80128,PAT-1146,2026-07-06 19:07:55,2026-07-06 21:52:55,150/90,Yes
TEL-80129,PAT-1069,2026-07-03 15:56:15,2026-07-03 18:38:15,ERR_LOG,  
TEL-80130,PAT-1044,2026-02-12 01:49:12,2026-02-12 05:44:12,ERR_LOG,
TEL-80131,PAT-1231,2026-09-05 06:21:59,2026-09-05 10:57:59,140/90,No
TEL-80132,PAT-1196,2026-02-27 16:43:08,2026-02-27 17:09:08,110/75,Yes
TEL-80133,PAT-1001,2026-05-02 21:54:38,2026-05-03 00:52:38,110/80,Yes
TEL-80134,PAT-1133,2026-05-01 18:48:19,2026-05-01 20:43:19,140/85,No
TEL-80135,PAT-1073,2026-05-18 10:49:28,2026-05-18 13:16:28,130/85,  
TEL-80136,PAT-1029,2026-01-20 17:32:06,2026-01-20 20:39:06,ERR_LOG,  
TEL-80137,PAT-1036,2026-05-19 07:10:04,2026-05-19 10:11:04,ERR_LOG,Yes
TEL-80138,PAT-1033,2026-01-16 21:03:06,2026-01-16 21:55:06,110/75,No
TEL-80139,PAT-1180,2026-08-20 11:19:21,2026-08-20 16:00:21,120/75,No
TEL-80140,PAT-1023,2026-08-04 14:19:43,2026-08-04 18:25:43,110/85,No
TEL-80141,PAT-1036,2026-05-12 12:11:44,2026-05-12 15:08:44,140/75,
TEL-80142,PAT-1007,2026-02-16 03:22:30,2026-02-16 04:57:30,140/90,No
TEL-80143,PAT-1130,2026-02-13 22:50:06,2026-02-13 23:34:06,ERR_LOG,
TEL-80144,PAT-1102,2026-07-08 19:15:35,,110/75,Yes
TEL-80145,PAT-1087,2026-04-27 22:37:27,2026-04-28 02:27:27,ERR_LOG,No
TEL-80146,PAT-1044,2026-02-24 22:36:53,2026-02-25 02:41:53,ERR_LOG,Yes
TEL-80147,PAT-1210,2026-08-06 09:25:04,2026-08-06 12:47:04,140/75,Yes
TEL-80148,PAT-1023,2026-04-27 04:56:37,2026-04-27 05:04:37,130/95,No
TEL-80149,PAT-1115,2026-09-10 12:39:36,2026-09-10 14:32:36,150/90,  
TEL-80150,PAT-1145,2026-05-14 22:58:22,2026-05-15 04:04:22,ERR_LOG,
TEL-80151,PAT-1216,2026-03-28 09:03:23,2026-03-28 09:38:23,120/95,  
TEL-80152,PAT-1028,2026-05-28 00:15:27,2026-05-28 03:44:27,150/90,
TEL-80153,PAT-1103,2026-07-14 17:13:42,,130/85,
TEL-80154,PAT-1215,2026-06-27 13:09:18,2026-06-27 14:21:18,130/80,Yes
TEL-80155,PAT-1165,2026-01-05 23:56:31,2026-01-06 01:13:31,120/85,
TEL-80156,PAT-1220,2026-08-26 22:38:59,2026-08-27 00:18:59,ERR_LOG,
TEL-80157,PAT-1141,2026-08-13 11:14:11,2026-08-13 11:25:11,ERR_LOG,No
TEL-80158,PAT-1182,2026-09-09 13:59:34,2026-09-09 14:24:34,ERR_LOG,
TEL-80159,PAT-1180,2026-06-04 18:30:44,,150/95,  
TEL-80160,PAT-1119,2026-09-03 16:56:39,,110/95,Yes
TEL-80161,PAT-1175,2026-09-26 18:19:39,,ERR_LOG,Yes
TEL-80162,PAT-1120,2026-08-17 15:36:46,2026-08-17 18:44:46,140/90,No
TEL-80163,PAT-1009,2026-05-24 18:16:03,2026-05-24 23:20:03,ERR_LOG,Yes
TEL-80164,PAT-1168,2026-05-26 23:39:01,2026-05-27 00:29:01,ERR_LOG,Yes
TEL-80165,PAT-1217,2026-05-09 04:39:17,2026-05-09 06:58:17,120/95,Yes
TEL-80166,PAT-1154,2026-03-19 23:09:42,2026-03-20 00:46:42,140/95,No
TEL-80167,PAT-1124,2026-03-26 16:55:02,2026-03-26 17:46:02,ERR_LOG,No
TEL-80168,PAT-1214,2026-08-25 13:49:24,2026-08-25 17:42:24,150/95,No
TEL-80169,PAT-1053,2026-06-02 20:16:48,2026-06-02 20:50:48,130/75,
TEL-80170,PAT-1121,2026-05-16 23:48:59,2026-05-17 03:10:59,150/95,
TEL-80171,PAT-1121,2026-05-05 16:55:27,,110/75,  
TEL-80172,PAT-1246,2026-09-22 01:06:58,2026-09-22 04:15:58,ERR_LOG,  
TEL-80173,PAT-1085,2026-05-09 03:16:41,2026-05-09 07:20:41,150/95,No
TEL-80174,PAT-1187,2026-04-17 10:43:44,2026-04-17 13:31:44,ERR_LOG,Yes
TEL-80175,PAT-1212,2026-02-01 13:06:33,,110/90,No
TEL-80176,PAT-1185,2026-05-09 06:02:01,2026-05-09 06:39:01,ERR_LOG,No
TEL-80177,PAT-1243,2026-02-23 03:05:54,2026-02-23 06:25:54,150/95,No
TEL-80178,PAT-1229,2026-02-23 05:16:18,2026-02-23 06:02:18,150/75,  
TEL-80179,PAT-1196,2026-07-23 21:49:49,2026-07-23 23:19:49,120/90,Yes
TEL-80180,PAT-1097,2026-07-11 01:16:52,2026-07-11 05:09:52,120/75,No
TEL-80181,PAT-1156,2026-07-06 20:31:06,,110/85,Yes
TEL-80182,PAT-1233,2026-08-23 08:06:02,,ERR_LOG,  
TEL-80183,PAT-1198,2026-08-01 15:09:41,2026-08-01 15:36:41,150/75,  
TEL-80184,PAT-1038,2026-06-13 18:00:32,2026-06-13 22:19:32,110/75,
TEL-80185,PAT-1216,2026-02-18 07:00:24,2026-02-18 11:14:24,ERR_LOG,  
TEL-80186,PAT-1085,2026-05-13 01:40:41,,ERR_LOG,Yes
TEL-80187,PAT-1215,2026-08-25 09:41:12,,120/75,No
TEL-80188,PAT-1076,2026-07-04 20:44:22,2026-07-05 00:36:22,150/85,No
TEL-80189,PAT-1009,2026-04-01 23:37:15,2026-04-02 00:17:15,ERR_LOG,  
TEL-80190,PAT-1127,2026-09-27 14:01:02,2026-09-27 17:01:02,150/80,
TEL-80191,PAT-1030,2026-04-26 20:42:33,2026-04-27 01:24:33,130/95,No
TEL-80192,PAT-1236,2026-02-02 23:09:31,2026-02-03 03:18:31,ERR_LOG,No
TEL-80193,PAT-1179,2026-03-01 05:40:03,2026-03-01 06:37:03,ERR_LOG,No
TEL-80194,PAT-1213,2026-02-27 03:07:31,2026-02-27 05:07:31,120/85,
TEL-80195,PAT-1086,2026-07-11 03:43:36,2026-07-11 06:35:36,130/80,No
TEL-80196,PAT-1085,2026-02-04 08:09:48,2026-02-04 11:26:48,ERR_LOG,
TEL-80197,PAT-1062,2026-01-05 03:50:54,2026-01-05 07:10:54,130/80,
TEL-80198,PAT-1020,2026-01-01 05:59:05,2026-01-01 08:32:05,110/95,
TEL-80199,PAT-1177,2026-03-07 04:40:17,2026-03-07 08:18:17,130/85,Yes
TEL-80200,PAT-1152,2026-03-23 15:39:05,2026-03-23 18:21:05,140/75,Yes
TEL-80201,PAT-1142,2026-04-07 03:33:06,2026-04-07 08:17:06,ERR_LOG,
TEL-80202,PAT-1197,2026-04-09 01:12:07,2026-04-09 05:22:07,110/85,No
TEL-80203,PAT-1171,2026-01-02 20:23:18,2026-01-02 22:39:18,ERR_LOG,
TEL-80204,PAT-1011,2026-02-24 01:59:34,,120/75,Yes
TEL-80205,PAT-1018,2026-04-24 14:37:37,2026-04-24 16:26:37,150/95,  
TEL-80206,PAT-1058,2026-02-11 07:06:15,2026-02-11 08:56:15,110/85,Yes
TEL-80207,PAT-1120,2026-08-02 13:09:13,2026-08-02 17:09:13,130/75,  
TEL-80208,PAT-1034,2026-08-24 06:40:22,2026-08-24 08:31:22,140/85,Yes
TEL-80209,PAT-1177,2026-01-09 04:07:54,2026-01-09 07:49:54,130/90,No
TEL-80210,PAT-1226,2026-05-20 05:50:50,2026-05-20 07:25:50,ERR_LOG,No
TEL-80211,PAT-1022,2026-07-28 16:31:55,2026-07-28 21:41:55,110/75,  
TEL-80212,PAT-1003,2026-07-24 07:15:20,2026-07-24 09:16:20,ERR_LOG,Yes
TEL-80213,PAT-1106,2026-01-02 15:46:49,2026-01-02 19:31:49,ERR_LOG,
TEL-80214,PAT-1207,2026-02-15 15:15:05,2026-02-15 15:29:05,150/95,
TEL-80215,PAT-1243,2026-04-05 11:18:15,2026-04-05 12:12:15,120/75,  
TEL-80216,PAT-1041,2026-08-28 18:47:37,,110/75,No
TEL-80217,PAT-1223,2026-07-06 11:40:29,2026-07-06 11:48:29,150/80,
TEL-80218,PAT-1228,2026-06-17 01:18:27,2026-06-17 06:03:27,ERR_LOG,Yes
TEL-80219,PAT-1158,2026-06-24 01:32:58,2026-06-24 02:06:58,120/75,  
TEL-80220,PAT-1119,2026-01-12 11:11:41,2026-01-12 11:53:41,ERR_LOG,No
TEL-80221,PAT-1035,2026-06-08 17:07:41,2026-06-08 22:12:41,150/85,No
TEL-80222,PAT-1082,2026-06-09 16:43:27,2026-06-09 17:23:27,140/90,
TEL-80223,PAT-1124,2026-09-17 03:30:45,2026-09-17 08:10:45,140/75,  
TEL-80224,PAT-1204,2026-02-07 14:05:05,2026-02-07 15:44:05,140/80,Yes
TEL-80225,PAT-1042,2026-05-04 22:09:31,,ERR_LOG,Yes
TEL-80226,PAT-1075,2026-07-22 17:59:08,2026-07-22 21:42:08,110/95,Yes
TEL-80227,PAT-1074,2026-04-03 00:55:51,2026-04-03 05:29:51,150/90,
TEL-80228,PAT-1148,2026-06-21 20:50:20,2026-06-22 01:29:20,ERR_LOG,
TEL-80229,PAT-1077,2026-03-26 09:10:50,2026-03-26 13:25:50,140/90,Yes
TEL-80230,PAT-1037,2026-06-10 14:10:39,2026-06-10 18:52:39,140/85,No
TEL-80231,PAT-1214,2026-03-06 07:07:02,2026-03-06 12:09:02,130/75,  
TEL-80232,PAT-1094,2026-03-07 17:45:02,2026-03-07 20:49:02,130/90,
TEL-80233,PAT-1138,2026-03-18 09:07:58,,110/85,
TEL-80234,PAT-1237,2026-06-05 00:47:34,2026-06-05 03:44:34,150/95,  
TEL-80235,PAT-1121,2026-05-25 18:42:09,2026-05-25 22:36:09,140/95,Yes
TEL-80236,PAT-1187,2026-08-02 04:43:35,,120/75,No
TEL-80237,PAT-1114,2026-06-03 10:03:38,2026-06-03 15:09:38,ERR_LOG,  
TEL-80238,PAT-1050,2026-01-03 17:54:28,2026-01-03 18:46:28,ERR_LOG,No
TEL-80239,PAT-1125,2026-06-20 19:32:03,2026-06-20 22:44:03,110/85,
TEL-80240,PAT-1094,2026-07-12 00:18:22,2026-07-12 04:14:22,ERR_LOG,No
TEL-80241,PAT-1186,2026-08-24 13:51:28,2026-08-24 17:36:28,150/75,No
TEL-80242,PAT-1213,2026-02-05 06:19:30,2026-02-05 10:55:30,140/80,
TEL-80243,PAT-1022,2026-01-14 20:58:17,2026-01-15 01:50:17,110/95,No
TEL-80244,PAT-1051,2026-03-27 12:18:35,2026-03-27 15:00:35,ERR_LOG,
TEL-80245,PAT-1143,2026-08-08 00:50:00,,140/95,
TEL-80246,PAT-1031,2026-05-14 05:31:58,2026-05-14 07:44:58,120/80,  
TEL-80247,PAT-1126,2026-02-20 23:23:37,2026-02-21 03:14:37,140/95,
TEL-80248,PAT-1249,2026-02-12 16:46:36,,140/85,Yes
TEL-80249,PAT-1037,2026-06-15 22:08:22,,140/90,
TEL-80250,PAT-1162,2026-06-02 09:18:33,2026-06-02 10:05:33,ERR_LOG,No
TEL-80251,PAT-1195,2026-02-20 05:34:20,2026-02-20 08:16:20,140/95,  
TEL-80252,PAT-1024,2026-09-19 11:52:09,,ERR_LOG,  
TEL-80253,PAT-1199,2026-08-14 10:58:58,,130/85,No
TEL-80254,PAT-1212,2026-04-26 17:39:44,2026-04-26 22:16:44,ERR_LOG,Yes
TEL-80255,PAT-1106,2026-08-03 03:52:08,2026-08-03 08:05:08,140/90,  
TEL-80256,PAT-1035,2026-08-20 16:48:21,,140/80,Yes
TEL-80257,PAT-1056,2026-03-28 22:09:44,2026-03-28 23:21:44,130/85,Yes
TEL-80258,PAT-1108,2026-02-03 00:49:30,2026-02-03 01:18:30,130/80,Yes
TEL-80259,PAT-1203,2026-09-19 01:30:07,2026-09-19 02:00:07,120/90,Yes
TEL-80260,PAT-1193,2026-02-26 03:58:38,2026-02-26 05:48:38,130/95,  
TEL-80261,PAT-1007,2026-02-05 23:17:37,2026-02-06 00:47:37,ERR_LOG,No
TEL-80262,PAT-1129,2026-02-04 18:48:00,2026-02-04 20:34:00,140/85,Yes
TEL-80263,PAT-1249,2026-02-07 16:54:45,2026-02-07 22:03:45,130/75,Yes
TEL-80264,PAT-1046,2026-06-13 13:13:32,2026-06-13 14:18:32,140/80,
TEL-80265,PAT-1028,2026-09-05 15:48:23,2026-09-05 20:41:23,150/80,Yes
TEL-80266,PAT-1083,2026-08-04 12:18:29,2026-08-04 15:05:29,150/75,No
TEL-80267,PAT-1141,2026-07-10 13:12:54,,110/95,  
TEL-80268,PAT-1045,2026-01-22 15:43:06,2026-01-22 20:18:06,150/95,Yes
TEL-80269,PAT-1030,2026-03-13 12:44:37,2026-03-13 14:18:37,120/90,No
TEL-80270,PAT-1086,2026-04-20 12:07:14,2026-04-20 16:30:14,140/95,  
TEL-80271,PAT-1193,2026-07-12 15:42:38,2026-07-12 19:58:38,ERR_LOG,No
TEL-80272,PAT-1196,2026-08-04 03:16:31,2026-08-04 04:32:31,120/80,Yes
TEL-80273,PAT-1212,2026-02-16 21:01:11,2026-02-16 23:56:11,130/90,Yes
TEL-80274,PAT-1194,2026-02-22 16:49:31,2026-02-22 18:40:31,140/95,
TEL-80275,PAT-1125,2026-09-09 17:21:51,2026-09-09 22:08:51,120/80,
TEL-80276,PAT-1225,2026-02-13 14:20:54,2026-02-13 18:23:54,120/80,No
TEL-80277,PAT-1142,2026-05-23 05:31:27,,150/75,
TEL-80278,PAT-1195,2026-02-19 21:31:42,2026-02-20 02:15:42,ERR_LOG,
TEL-80279,PAT-1143,2026-03-17 01:25:16,2026-03-17 04:46:16,ERR_LOG,  
TEL-80280,PAT-1196,2026-05-11 01:01:37,,140/90,Yes
TEL-80281,PAT-1195,2026-06-13 03:27:22,2026-06-13 07:05:22,140/80,No
TEL-80282,PAT-1063,2026-04-21 09:37:05,2026-04-21 10:18:05,140/80,  
TEL-80283,PAT-1043,2026-01-18 10:02:29,2026-01-18 13:46:29,ERR_LOG,
TEL-80284,PAT-1068,2026-01-23 15:37:01,2026-01-23 18:58:01,ERR_LOG,  
TEL-80285,PAT-1146,2026-02-26 15:06:44,2026-02-26 18:06:44,ERR_LOG,  
TEL-80286,PAT-1042,2026-05-12 13:12:31,2026-05-12 13:58:31,ERR_LOG,  
TEL-80287,PAT-1067,2026-01-10 18:25:51,2026-01-10 19:20:51,ERR_LOG,Yes
TEL-80288,PAT-1151,2026-06-09 02:36:51,2026-06-09 06:22:51,130/90,Yes
TEL-80289,PAT-1166,2026-05-17 09:27:42,2026-05-17 11:17:42,110/75,  
TEL-80290,PAT-1159,2026-09-15 21:48:35,2026-09-15 22:05:35,150/95,No
TEL-80291,PAT-1147,2026-08-07 21:52:47,2026-08-08 00:17:47,ERR_LOG,
TEL-80292,PAT-1239,2026-01-17 06:23:29,,130/95,  
TEL-80293,PAT-1216,2026-07-14 10:55:53,2026-07-14 12:47:53,110/90,  
TEL-80294,PAT-1165,2026-03-09 21:38:15,2026-03-09 22:44:15,130/85,Yes
TEL-80295,PAT-1062,2026-05-15 15:35:27,2026-05-15 16:01:27,130/85,  
TEL-80296,PAT-1034,2026-01-09 08:42:35,,120/95,
TEL-80297,PAT-1200,2026-01-02 02:20:38,2026-01-02 03:00:38,110/90,Yes
TEL-80298,PAT-1101,2026-03-08 03:36:47,2026-03-08 04:45:47,ERR_LOG,  
TEL-80299,PAT-1127,2026-02-08 19:07:49,2026-02-08 22:03:49,ERR_LOG,
TEL-80300,PAT-1206,2026-04-14 06:09:06,,140/75,
TEL-80301,PAT-1065,2026-01-16 17:23:44,2026-01-16 20:13:44,ERR_LOG,
TEL-80302,PAT-1174,2026-04-09 04:23:30,2026-04-09 07:08:30,120/95,Yes
TEL-80303,PAT-1215,2026-01-23 21:15:16,2026-01-24 00:01:16,150/95,  
TEL-80304,PAT-1231,2026-02-18 07:54:28,2026-02-18 11:23:28,140/90,Yes
TEL-80305,PAT-1239,2026-04-10 06:55:56,,110/95,  
TEL-80306,PAT-1225,2026-07-26 01:17:55,,110/75,
TEL-80307,PAT-1237,2026-06-23 13:56:58,2026-06-23 15:26:58,150/90,Yes
TEL-80308,PAT-1090,2026-07-20 23:52:35,2026-07-21 03:52:35,150/80,Yes
TEL-80309,PAT-1164,2026-03-21 14:50:41,,110/85,  
TEL-80310,PAT-1080,2026-02-04 05:15:33,2026-02-04 06:29:33,ERR_LOG,
TEL-80311,PAT-1202,2026-06-15 15:55:47,,130/95,  
TEL-80312,PAT-1204,2026-05-07 02:26:23,2026-05-07 05:47:23,ERR_LOG,Yes
TEL-80313,PAT-1242,2026-01-18 20:39:40,2026-01-18 21:32:40,110/85,  
TEL-80314,PAT-1179,2026-03-02 12:39:27,2026-03-02 14:03:27,120/90,No
TEL-80315,PAT-1242,2026-02-01 22:33:27,2026-02-02 02:33:27,150/75,Yes
TEL-80316,PAT-1057,2026-04-07 08:18:47,2026-04-07 09:32:47,110/85,No
TEL-80317,PAT-1210,2026-05-24 21:12:26,2026-05-24 22:34:26,120/90,  
TEL-80318,PAT-1060,2026-08-08 11:37:43,2026-08-08 12:28:43,120/75,No
TEL-80319,PAT-1223,2026-06-23 12:43:13,2026-06-23 16:27:13,ERR_LOG,  
TEL-80320,PAT-1018,2026-02-18 01:03:21,2026-02-18 05:12:21,ERR_LOG,Yes
TEL-80321,PAT-1001,2026-05-17 19:24:19,2026-05-17 22:41:19,ERR_LOG,Yes
TEL-80322,PAT-1148,2026-03-09 05:32:31,2026-03-09 09:39:31,130/80,  
TEL-80323,PAT-1181,2026-09-14 04:16:07,2026-09-14 05:29:07,110/90,  
TEL-80324,PAT-1237,2026-07-10 08:39:53,2026-07-10 11:02:53,ERR_LOG,
TEL-80325,PAT-1228,2026-03-11 23:31:48,2026-03-12 04:23:48,150/95,
TEL-80326,PAT-1013,2026-04-05 01:14:11,,140/85,
TEL-80327,PAT-1111,2026-02-16 01:28:22,2026-02-16 06:23:22,110/75,
TEL-80328,PAT-1028,2026-03-04 11:05:13,2026-03-04 12:45:13,130/95,  
TEL-80329,PAT-1144,2026-04-19 00:33:49,2026-04-19 04:14:49,120/85,
TEL-80330,PAT-1173,2026-02-11 00:18:43,2026-02-11 01:28:43,110/90,Yes
TEL-80331,PAT-1214,2026-06-05 00:05:29,2026-06-05 04:18:29,110/95,  
TEL-80332,PAT-1152,2026-01-11 01:41:39,2026-01-11 04:35:39,150/95,No
TEL-80333,PAT-1054,2026-01-26 20:18:20,2026-01-26 21:02:20,ERR_LOG,
TEL-80334,PAT-1023,2026-07-09 05:15:49,2026-07-09 06:08:49,120/85,No
TEL-80335,PAT-1099,2026-07-10 20:48:41,,140/75,
TEL-80336,PAT-1188,2026-05-22 19:08:22,2026-05-22 22:24:22,ERR_LOG,
TEL-80337,PAT-1114,2026-07-16 08:36:38,2026-07-16 12:20:38,ERR_LOG,No
TEL-80338,PAT-1111,2026-07-03 01:32:21,2026-07-03 03:34:21,150/95,No
TEL-80339,PAT-1238,2026-08-17 20:41:33,,110/75,Yes
TEL-80340,PAT-1232,2026-08-10 04:08:43,2026-08-10 06:23:43,ERR_LOG,  
TEL-80341,PAT-1145,2026-01-18 02:58:02,2026-01-18 07:27:02,110/75,Yes
TEL-80342,PAT-1118,2026-05-12 08:37:05,2026-05-12 08:53:05,120/95,
TEL-80343,PAT-1045,2026-03-27 12:02:05,2026-03-27 14:42:05,ERR_LOG,
TEL-80344,PAT-1193,2026-08-20 08:21:58,2026-08-20 10:04:58,130/85,Yes
TEL-80345,PAT-1191,2026-05-28 21:06:27,2026-05-28 21:16:27,110/80,Yes
TEL-80346,PAT-1043,2026-08-15 22:25:55,2026-08-16 02:42:55,ERR_LOG,  
TEL-80347,PAT-1176,2026-07-26 09:05:08,,130/80,Yes
TEL-80348,PAT-1178,2026-04-28 00:13:30,2026-04-28 02:24:30,110/95,No
TEL-80349,PAT-1022,2026-05-25 14:09:30,2026-05-25 15:16:30,130/85,
TEL-80350,PAT-1246,2026-08-16 00:55:28,2026-08-16 02:46:28,ERR_LOG,
TEL-80351,PAT-1013,2026-06-01 03:40:54,2026-06-01 07:20:54,110/95,  
TEL-80352,PAT-1009,2026-08-13 15:32:37,2026-08-13 19:49:37,130/95,Yes
TEL-80353,PAT-1135,2026-01-14 18:20:35,,150/75,
TEL-80354,PAT-1029,2026-08-20 20:22:28,2026-08-20 20:40:28,130/90,No
TEL-80355,PAT-1120,2026-06-15 07:32:14,2026-06-15 10:33:14,ERR_LOG,
TEL-80356,PAT-1033,2026-05-24 22:24:26,2026-05-25 01:36:26,110/85,No
TEL-80357,PAT-1072,2026-02-22 15:08:11,2026-02-22 19:27:11,120/75,
TEL-80358,PAT-1077,2026-04-07 17:03:01,2026-04-07 19:24:01,140/95,No
TEL-80359,PAT-1044,2026-09-02 02:21:27,,130/80,No
TEL-80360,PAT-1124,2026-05-11 11:49:02,2026-05-11 16:42:02,140/85,Yes
TEL-80361,PAT-1180,2026-01-15 14:53:48,,ERR_LOG,Yes
TEL-80362,PAT-1210,2026-09-02 16:06:10,2026-09-02 17:59:10,140/85,  
TEL-80363,PAT-1181,2026-08-25 16:31:46,2026-08-25 17:57:46,150/90,  
TEL-80364,PAT-1209,2026-03-04 06:28:26,2026-03-04 06:39:26,130/75,  
TEL-80365,PAT-1073,2026-09-06 02:17:23,2026-09-06 05:57:23,140/95,No
TEL-80366,PAT-1038,2026-09-14 07:08:51,2026-09-14 10:45:51,ERR_LOG,  
TEL-80367,PAT-1241,2026-01-15 04:49:00,2026-01-15 09:21:00,120/80,  
TEL-80368,PAT-1080,2026-07-25 05:27:03,2026-07-25 05:53:03,150/95,No
TEL-80369,PAT-1231,2026-01-21 22:51:42,2026-01-22 01:30:42,110/75,  
TEL-80370,PAT-1184,2026-06-12 00:52:17,2026-06-12 02:15:17,150/75,
TEL-80371,PAT-1164,2026-04-18 19:50:39,2026-04-18 22:54:39,150/75,No
TEL-80372,PAT-1225,2026-05-03 01:34:21,2026-05-03 02:46:21,ERR_LOG,  
TEL-80373,PAT-1054,2026-02-17 17:19:33,2026-02-17 18:48:33,120/80,  
TEL-80374,PAT-1061,2026-05-24 13:32:07,2026-05-24 16:50:07,140/95,  
TEL-80375,PAT-1031,2026-01-25 20:07:28,2026-01-25 20:17:28,110/90,No
TEL-80376,PAT-1206,2026-09-28 19:14:22,2026-09-29 00:15:22,150/85,
TEL-80377,PAT-1133,2026-04-04 10:33:37,2026-04-04 13:45:37,110/80,No
TEL-80378,PAT-1182,2026-07-27 13:05:05,,130/75,No
TEL-80379,PAT-1114,2026-02-12 21:33:25,2026-02-13 02:06:25,110/90,
TEL-80380,PAT-1162,2026-07-15 22:59:31,2026-07-16 02:40:31,130/85,No
TEL-80381,PAT-1124,2026-08-05 22:32:55,2026-08-06 00:28:55,110/75,Yes
TEL-80382,PAT-1191,2026-03-18 11:58:07,2026-03-18 15:35:07,120/80,  
TEL-80383,PAT-1146,2026-05-02 16:09:07,2026-05-02 19:28:07,140/90,
TEL-80384,PAT-1007,2026-03-05 18:26:03,2026-03-05 21:10:03,140/85,No
TEL-80385,PAT-1209,2026-08-01 03:35:22,,120/75,
TEL-80386,PAT-1146,2026-05-19 14:57:21,2026-05-19 19:08:21,ERR_LOG,No
TEL-80387,PAT-1195,2026-03-17 20:29:48,2026-03-18 00:26:48,130/95,  
TEL-80388,PAT-1022,2026-07-13 07:57:25,2026-07-13 08:28:25,150/75,  
TEL-80389,PAT-1165,2026-02-28 05:45:01,2026-02-28 08:31:01,ERR_LOG,Yes
TEL-80390,PAT-1164,2026-09-03 06:39:34,2026-09-03 07:14:34,ERR_LOG,No
TEL-80391,PAT-1192,2026-08-17 00:07:42,2026-08-17 01:47:42,120/90,No
TEL-80392,PAT-1062,2026-08-03 17:38:20,2026-08-03 18:09:20,110/80,  
TEL-80393,PAT-1111,2026-03-14 00:55:33,2026-03-14 03:14:33,120/80,Yes
TEL-80394,PAT-1138,2026-03-10 04:11:16,2026-03-10 05:37:16,140/75,No
TEL-80395,PAT-1015,2026-06-06 00:45:03,2026-06-06 01:43:03,140/85,
TEL-80396,PAT-1228,2026-06-09 12:52:57,,130/85,No
TEL-80397,PAT-1126,2026-09-25 16:24:07,2026-09-25 19:14:07,ERR_LOG,
TEL-80398,PAT-1016,2026-08-01 13:40:14,2026-08-01 13:57:14,ERR_LOG,Yes
TEL-80399,PAT-1063,2026-09-21 04:19:36,2026-09-21 05:09:36,ERR_LOG,No
