patient_id,full_name,dob,gender,insurance_provider
PAT-1000,  mary SMITH,1972/04/08,f,HealthShield
PAT-1001,  MARY SMITH,1957/01/03,F,
PAT-1002,john doe ,11/23/2000,Female,MediCare
PAT-1003,  grace davis,2006/01/25,f,GlobalCare
PAT-1004,EMMA BROWN,1968/06/04,Female,HealthShield
PAT-1005,EMMA BROWN,1993/05/26,f,GlobalCare
PAT-1006,  MARY SMITH,18-02-1979,,UNKNOWN
PAT-1007,EMMA BROWN,02/02/2000,F,LifeGuard
PAT-1008,  MARY SMITH,13-02-2010,Female,UNKNOWN
PAT-1009,emma BROWN,22-04-1977,f,UNKNOWN
PAT-1010,  MARY SMITH,1965/09/24,F,GlobalCare
PAT-1011,james wilson,1995/12/18,f,LifeGuard
PAT-1012,john doe ,13-06-1957,M,MediCare
PAT-1013,EMMA BROWN,21-07-1986,F,LifeGuard
PAT-1014,Alex Jones,09/09/1990,m,GlobalCare
PAT-1015,james wilson,1963/09/16,,HealthShield
PAT-1016,  mary SMITH,11/14/1965,M,GlobalCare
PAT-1017,james wilson,09/09/1984,,HealthShield
PAT-1018,  MARY SMITH,05/25/1989,Male,HealthShield
PAT-1019,david    lee,01/24/1984,Male,
PAT-1020,Alex Jones,11/10/1961,m,
PAT-1021,sarah connor,03/18/2003,M,
PAT-1022,EMMA BROWN,27-06-1962,F,HealthShield
PAT-1023,Sarah connor,24-02-1960,,HealthShield
PAT-1024,alex Jones,06-09-1985,m,
PAT-1025,james wilson,1989/12/23,f,LifeGuard
PAT-1026,james wilson,06/15/1996,Female,HealthShield
PAT-1027,Sarah connor,01/19/1976,F,
PAT-1028,sarah connor,2000/11/02,M,HealthShield
PAT-1029,emma BROWN,22-05-1970,F,
PAT-1030,Alex Jones,19-10-2011,F,GlobalCare
PAT-1031,james wilson,14-11-1961,Female,GlobalCare
PAT-1032,  grace davis,11/21/1958,M,HealthShield
PAT-1033,james wilson,2006/02/08,F,
PAT-1034,  grace davis,1966/05/15,,HealthShield
PAT-1035,  grace davis,2009/09/04,f,
PAT-1036,john doe ,06-04-2003,Female,GlobalCare
PAT-1037,Sarah connor,06-01-2012,M,GlobalCare
PAT-1038,david    lee,10-08-2005,f,UNKNOWN
PAT-1039,  grace davis,04/02/1973,f,
PAT-1040,john doe ,19-01-1958,m,
PAT-1041,alex Jones,1987/02/28,M,
PAT-1042,  MARY SMITH,07/04/1970,F,
PAT-1043,john doe ,11/19/1981,m,LifeGuard
PAT-1044,david    lee,08-06-2000,Female,MediCare
PAT-1045,david    lee,01-02-2003,m,
PAT-1046,  mary SMITH,1968/09/09,Male,HealthShield
PAT-1047,Sarah connor,08/27/1965,f,LifeGuard
PAT-1048,john doe ,1990/05/22,F,LifeGuard
PAT-1049,  MARY SMITH,05-09-2002,Male,
PAT-1050,Sarah connor,21-11-1968,m,GlobalCare
PAT-1051,david    lee,01/03/2009,Female,LifeGuard
PAT-1052,john doe,21-03-2004,F,UNKNOWN
PAT-1053,  grace davis,1982/09/01,M,UNKNOWN
PAT-1054,Alex Jones,06/19/2008,F,GlobalCare
PAT-1055,alex Jones,1978/01/12,f,MediCare
PAT-1056,  MARY SMITH,07/20/1990,F,MediCare
PAT-1057,Alex Jones,2006/03/14,F,UNKNOWN
PAT-1058,EMMA BROWN,11/28/1981,,MediCare
PAT-1059,david lee,1999/02/13,,GlobalCare
PAT-1060,sarah connor,1984/06/10,F,HealthShield
PAT-1061,Sarah connor,25-02-1972,Male,UNKNOWN
PAT-1062,james wilson,2008/09/11,M,LifeGuard
PAT-1063,Alex Jones,01/04/1971,Female,LifeGuard
PAT-1064,EMMA BROWN,02/13/1987,F,LifeGuard
PAT-1065,john doe ,09/26/1955,f,UNKNOWN
PAT-1066,Sarah connor,11/11/1959,Male,UNKNOWN
PAT-1067,  MARY SMITH,09/10/1974,Female,LifeGuard
PAT-1068,james wilson,07-03-1990,f,GlobalCare
PAT-1069,Alex Jones,1974/07/18,Male,LifeGuard
PAT-1070,Sarah connor,21-10-1992,Female,GlobalCare
PAT-1071,  grace davis,08/26/1987,F,UNKNOWN
PAT-1072,  MARY SMITH,20-11-1997,M,MediCare
PAT-1073,david    lee,1967/03/01,F,GlobalCare
PAT-1074,  MARY SMITH,2011/11/19,f,UNKNOWN
PAT-1075,james wilson,03/21/1970,M,HealthShield
PAT-1076,james wilson,17-12-2006,M,
PAT-1077,Sarah connor,05-08-1962,f,
PAT-1078,EMMA BROWN,08/20/2012,m,GlobalCare
PAT-1079,  grace davis,15-08-2002,,MediCare
PAT-1080,david    lee,1988/08/21,Male,GlobalCare
PAT-1081,  MARY SMITH,11-05-1970,m,HealthShield
PAT-1082,alex Jones,12/05/1979,F,HealthShield
PAT-1083,james wilson,1989/08/14,F,GlobalCare
PAT-1084,james wilson,12/01/1992,Female,GlobalCare
PAT-1085,john doe ,28-07-1974,m,UNKNOWN
PAT-1086,Sarah connor,1972/07/16,Female,LifeGuard
PAT-1087,james wilson,08/05/2008,m,HealthShield
PAT-1088,james wilson,01/03/1997,Female,MediCare
PAT-1089,  grace davis,1971/07/11,Female,LifeGuard
PAT-1090,EMMA BROWN,25-05-1979,Male,HealthShield
PAT-1091,  grace davis,1989/01/12,f,HealthShield
PAT-1092,john doe ,1970/04/27,m,MediCare
PAT-1093,sarah connor,1997/02/19,Female,UNKNOWN
PAT-1094,david    lee,10/20/1965,f,HealthShield
PAT-1095,Alex Jones,01-10-1961,m,UNKNOWN
PAT-1096,james wilson,04/03/2000,f,UNKNOWN
PAT-1097,sarah connor,05/28/2004,m,HealthShield
PAT-1098,john doe ,1982/11/12,m,UNKNOWN
PAT-1099,emma BROWN,04-08-1981,Male,UNKNOWN
PAT-1100,  grace davis,03/24/1982,f,LifeGuard
PAT-1101,  grace davis,19-12-2007,Male,MediCare
PAT-1102,  MARY SMITH,25-04-1983,m,
PAT-1103,james wilson,06-06-1986,F,LifeGuard
PAT-1104,david    lee,23-10-2011,m,HealthShield
PAT-1105,sarah connor,07/16/2001,,MediCare
PAT-1106,  grace davis,1986/08/26,M,LifeGuard
PAT-1107,Sarah connor,05/22/1970,Male,GlobalCare
PAT-1108,EMMA BROWN,11-09-2002,f,GlobalCare
PAT-1109,david    lee,1969/02/24,Male,HealthShield
PAT-1110,alex Jones,08/09/2002,m,
PAT-1111,david    lee,2008/04/10,Male,MediCare
PAT-1112,david lee,1989/03/09,M,
PAT-1113,david    lee,28-11-1963,M,HealthShield
PAT-1114,david    lee,1983/06/06,Male,GlobalCare
PAT-1115,  MARY SMITH,08/03/1980,f,UNKNOWN
PAT-1116,john doe,2006/10/10,F,HealthShield
PAT-1117,james wilson,10/08/2005,Female,GlobalCare
PAT-1118,  grace davis,07/10/1992,m,HealthShield
PAT-1119,  MARY SMITH,07-11-1968,f,HealthShield
PAT-1120,Alex Jones,1990/02/06,Female,GlobalCare
PAT-1121,  grace davis,23-05-1969,f,GlobalCare
PAT-1122,  MARY SMITH,11/19/1971,,MediCare
PAT-1123,james wilson,05-11-1969,,MediCare
PAT-1124,  mary SMITH,05/20/2005,,
PAT-1125,david    lee,12/10/1984,Female,LifeGuard
PAT-1126,  grace davis,01/14/1993,Male,
PAT-1127,david lee,11/27/1969,m,HealthShield
PAT-1128,david    lee,03/16/2003,f,GlobalCare
PAT-1129,david lee,21-07-1992,M,GlobalCare
PAT-1130,EMMA BROWN,1975/11/04,Male,GlobalCare
PAT-1131,  grace davis,02-09-1980,M,LifeGuard
PAT-1132,david    lee,07/28/2004,,HealthShield
PAT-1133,  grace davis,09/12/1967,,GlobalCare
PAT-1134,  grace davis,1968/05/18,Male,GlobalCare
PAT-1135,  grace davis,1995/10/26,f,MediCare
PAT-1136,david    lee,1990/07/03,,HealthShield
PAT-1137,  grace davis,03/16/1996,Male,
PAT-1138,david    lee,08-08-1985,m,MediCare
PAT-1139,james wilson,1993/09/24,,HealthShield
PAT-1140,david    lee,07/11/2009,Male,HealthShield
PAT-1141,david    lee,10/19/2008,Female,MediCare
PAT-1142,  grace davis,06/18/1977,Female,GlobalCare
PAT-1143,EMMA BROWN,19-04-1999,F,GlobalCare
PAT-1144,john doe ,26-12-1985,Female,UNKNOWN
PAT-1145,Alex Jones,03/17/1957,Male,HealthShield
PAT-1146,  grace davis,1984/01/24,Female,UNKNOWN
PAT-1147,alex Jones,05/11/2005,f,GlobalCare
PAT-1148,  MARY SMITH,11/28/2009,Female,LifeGuard
PAT-1149,  grace davis,1957/10/03,f,UNKNOWN
PAT-1150,david    lee,2002/02/14,,UNKNOWN
PAT-1151,  MARY SMITH,1999/05/01,Male,HealthShield
PAT-1152,david    lee,03/08/1982,Female,
PAT-1153,alex Jones,28-10-1960,m,UNKNOWN
PAT-1154,Sarah connor,08-03-1992,f,LifeGuard
PAT-1155,  grace davis,08/10/1955,m,MediCare
PAT-1156,  MARY SMITH,10/10/1977,Female,UNKNOWN
PAT-1157,david    lee,13-04-1974,M,MediCare
PAT-1158,james wilson,23-05-1991,M,UNKNOWN
PAT-1159,james wilson,11/25/1991,M,
PAT-1160,  grace davis,2012/05/25,m,LifeGuard
PAT-1161,Sarah connor,05/22/1994,,UNKNOWN
PAT-1162,Alex Jones,2012/11/21,Male,GlobalCare
PAT-1163,john doe ,03-03-2001,Male,UNKNOWN
PAT-1164,james wilson,09/12/1963,m,LifeGuard
PAT-1165,Alex Jones,26-08-2007,f,LifeGuard
PAT-1166,  MARY SMITH,1959/03/25,,UNKNOWN
PAT-1167,james wilson,2006/09/12,,GlobalCare
PAT-1168,john doe ,08/12/1962,f,UNKNOWN
PAT-1169,david    lee,2007/11/12,f,MediCare
PAT-1170,  grace davis,09/11/2011,F,UNKNOWN
PAT-1171,  MARY SMITH,12/10/1984,Female,HealthShield
PAT-1172,alex Jones,1957/05/16,M,MediCare
PAT-1173,Alex Jones,11/24/1978,m,GlobalCare
PAT-1174,Alex Jones,27-02-1996,m,GlobalCare
PAT-1175,david lee,15-04-1978,F,LifeGuard
PAT-1176,  MARY SMITH,21-09-1978,M,GlobalCare
PAT-1177,david lee,08/03/1962,F,UNKNOWN
PAT-1178,john doe,04/05/1976,F,HealthShield
PAT-1179,Sarah connor,2007/04/11,,
PAT-1180,john doe ,18-03-1964,,MediCare
PAT-1181,  MARY SMITH,01-03-1956,,MediCare
PAT-1182,emma BROWN,01/05/1971,Female,
PAT-1183,  MARY SMITH,25-08-1985,m,
PAT-1184,  MARY SMITH,10/02/1969,,UNKNOWN
PAT-1185,david    lee,16-01-1956,Female,UNKNOWN
PAT-1186,  MARY SMITH,03-02-1983,m,MediCare
PAT-1187,  mary SMITH,11/19/1994,f,LifeGuard
PAT-1188,james wilson,05/15/1988,m,GlobalCare
PAT-1189,  MARY SMITH,11/21/1962,f,MediCare
PAT-1190,james wilson,11-07-1969,Female,GlobalCare
PAT-1191,  MARY SMITH,09-11-1975,F,UNKNOWN
PAT-1192,  grace davis,03-02-2008,M,UNKNOWN
PAT-1193,EMMA BROWN,01/19/1990,m,LifeGuard
PAT-1194,  MARY SMITH,25-11-2010,,UNKNOWN
PAT-1195,john doe ,1993/05/12,m,
PAT-1196,sarah connor,1985/04/28,Male,
PAT-1197,emma BROWN,08-10-1972,,
PAT-1198,john doe ,1997/12/09,F,LifeGuard
PAT-1199,david    lee,1977/01/06,m,UNKNOWN
PAT-1200,james wilson,2002/11/01,f,
PAT-1201,Sarah connor,06-06-1984,Male,UNKNOWN
PAT-1202,EMMA BROWN,1991/10/03,F,MediCare
PAT-1203,john doe ,22-08-1972,Female,
PAT-1204,  grace davis,04-09-1968,Female,HealthShield
PAT-1205,david    lee,08/17/1992,Male,HealthShield
PAT-1206,Sarah connor,1993/01/01,Male,MediCare
PAT-1207,Alex Jones,1973/06/04,Female,UNKNOWN
PAT-1208,james wilson,1979/09/23,m,
PAT-1209,emma BROWN,02-12-2010,M,GlobalCare
PAT-1210,  MARY SMITH,19-07-1991,f,UNKNOWN
PAT-1211,james wilson,1980/01/11,,
PAT-1212,  grace davis,1978/02/14,F,GlobalCare
PAT-1213,james wilson,24-05-1980,F,LifeGuard
PAT-1214,alex Jones,02/17/1995,F,LifeGuard
PAT-1215,EMMA BROWN,2007/11/27,F,HealthShield
PAT-1216,Alex Jones,10/05/1966,M,MediCare
PAT-1217,  grace davis,10/15/1991,m,UNKNOWN
PAT-1218,EMMA BROWN,05-06-1995,M,GlobalCare
PAT-1219,  grace davis,2005/05/19,Male,
PAT-1220,  MARY SMITH,02-01-1983,,LifeGuard
PAT-1221,  MARY SMITH,02/20/2009,m,GlobalCare
PAT-1222,  grace davis,02-12-2005,,
PAT-1223,Sarah connor,1985/09/05,Female,HealthShield
PAT-1224,EMMA BROWN,1960/09/21,M,MediCare
PAT-1225,  grace davis,1988/09/20,Male,LifeGuard
PAT-1226,david    lee,06/22/2004,M,UNKNOWN
PAT-1227,emma BROWN,22-09-1961,Male,LifeGuard
PAT-1228,Alex Jones,05-11-1992,Male,UNKNOWN
PAT-1229,james wilson,02/10/2000,Female,UNKNOWN
PAT-1230,EMMA BROWN,12/27/1997,f,
PAT-1231,  MARY SMITH,1982/09/12,Male,LifeGuard
PAT-1232,Alex Jones,1976/08/07,F,MediCare
PAT-1233,  MARY SMITH,02/17/2005,,UNKNOWN
PAT-1234,john doe ,10/05/2011,Female,MediCare
PAT-1235,alex Jones,1999/10/26,f,GlobalCare
PAT-1236,john doe ,08-12-1998,m,LifeGuard
PAT-1237,  grace davis,26-05-1970,,MediCare
PAT-1238,EMMA BROWN,15-08-1991,,GlobalCare
PAT-1239,james wilson,04/26/2007,F,LifeGuard
PAT-1240,john doe ,2010/06/18,f,
PAT-1241,  MARY SMITH,09-03-2003,m,MediCare
PAT-1242,james wilson,1969/08/12,Female,HealthShield
PAT-1243,james wilson,03-07-1970,F,HealthShield
PAT-1244,EMMA BROWN,21-12-2008,,MediCare
PAT-1245,alex Jones,2008/08/23,,UNKNOWN
PAT-1246,  grace davis,01-02-1955,F,MediCare
PAT-1247,james wilson,1973/04/10,M,MediCare
PAT-1248,james wilson,1994/08/03,,GlobalCare
PAT-1249,john doe ,1991/04/23,Male,GlobalCare
